trial_num,start,end,intense,raw_accel_mean,raw_accel_max,raw_accel_std,raw_accel_rms,clean_accel_mean,clean_accel_max,clean_accel_std,clean_accel_rms,clean_accel_zcr_x,clean_accel_zcr_y,clean_accel_zcr_z,gyro_mean,gyro_max,gyro_std,gyro_rms,gyro_zcr_x,gyro_zcr_y,gyro_zcr_z
0,0,2000,0,9.615318670928742,18.87032457539934,2.310808677458285,9.887737685479726,2.845534112909519,9.662405726449805,1.343074633656708,3.1451382500529292,0.12562814070351758,0.10552763819095477,0.10050251256281408,1.3563303064326666,4.531281909607775,0.9636376486803503,1.6623967934630486,0.07575757575757576,0.08585858585858586,0.07575757575757576
0,1000,3000,0,10.352621703764823,18.87032457539934,2.675451465350972,10.691072279336339,3.4233548342496225,9.662405726449805,1.4279337510806602,3.707850879507989,0.06030150753768844,0.09547738693467336,0.10552763819095477,1.523579242587288,4.531281909607775,0.7635391368044115,1.7033367587670922,0.050505050505050504,0.10101010101010101,0.05555555555555555
0,2000,4000,0,10.213884411684191,15.079734990886154,2.594474720684832,10.536645966721055,3.4002948850363293,5.981817456361533,1.2212055744972652,3.6119045078989096,0.030303030303030304,0.045454545454545456,0.08585858585858586,1.2864106962937216,3.379263172607264,0.611348476794115,1.42363292488513,0.035175879396984924,0.07537688442211055,0.03015075376884422
0,3000,5000,0,10.039192839292637,13.806523967027674,2.0100578439491414,10.237451939909318,2.8881030168600854,6.936587988786756,1.3059969094819144,3.1683112171883776,0.04040404040404041,0.06060606060606061,0.08080808080808081,1.1666475474655307,3.8892090243498534,0.7309365527614332,1.3757410377499435,0.05527638190954774,0.08542713567839195,0.04522613065326633
0,4000,6000,0,9.87553619566891,13.623633503379082,1.5704667445796285,9.999012407173927,2.4432313819403775,6.936587988786756,1.1774052654367113,2.7108543540701318,0.04020100502512563,0.06030150753768844,0.09045226130653267,0.8775571020063091,3.8892090243498534,0.6586856728860866,1.0962681920354989,0.06030150753768844,0.06030150753768844,0.06030150753768844
0,5000,7000,0,10.01430434213804,13.501722027395143,1.5115344281083067,10.127171574664107,2.242379548034022,4.490724529635072,0.7592198679666835,2.3668119425330434,0.05025125628140704,0.04020100502512563,0.08040201005025126,0.7260668525297966,2.3373215318825067,0.40858801096868785,0.8326333656894763,0.06565656565656566,0.06565656565656566,0.07575757575757576
0,6000,8000,0,10.314024345676767,13.501722027395143,1.506341619769598,10.422898730837113,2.0310429778817056,4.490724529635072,0.8376450645727788,2.1961959352331717,0.09045226130653267,0.06030150753768844,0.08542713567839195,0.834900252724471,2.4526654077877494,0.44026468902185173,0.9433543306950506,0.0707070707070707,0.06060606060606061,0.05555555555555555
0,7000,9000,0,13.10496797317962,41.72306616729948,5.80077983636234,14.325506678684244,6.880692308427325,33.30668111876746,7.690566957962635,10.304927783673493,0.08585858585858586,0.045454545454545456,0.10101010101010101,1.5471978319255106,5.283522536267534,1.2005896078437168,1.9565350649924522,0.05527638190954774,0.05527638190954774,0.07537688442211055
0,8000,10000,1,26.518789324427203,73.85581368791698,14.048296612514758,29.993484177379965,24.081302148992172,67.26212924625521,15.75200038844299,28.75391742942033,0.05555555555555555,0.025252525252525252,0.1111111111111111,4.106109977426321,12.262326290266614,2.6332657550111156,4.87437762596946,0.06030150753768844,0.09547738693467336,0.03015075376884422
0,9000,11000,1,40.32040766716315,77.22020868016456,13.328799722950555,42.455905266411214,39.095201707816734,68.77584588642037,12.316299421081276,40.98008750414589,0.06532663316582915,0.03015075376884422,0.1457286432160804,6.277433901984559,12.262326290266614,2.782249651601538,6.863540664751551,0.07575757575757576,0.05555555555555555,0.04040404040404041
0,10000,12000,1,45.114297387938244,88.45851638885756,14.073301232604184,47.24793484749392,44.05158174675366,79.53485145844166,13.25637454031689,45.99341977951103,0.07035175879396985,0.035175879396984924,0.16080402010050251,6.711166585840202,12.843495550420519,3.001132152798513,7.3485570603421495,0.08080808080808081,0.030303030303030304,0.050505050505050504
0,11000,13000,1,46.91215012186695,88.45851638885756,13.719175146492274,48.86736935710626,46.7006566450032,79.53485145844166,13.207519599273722,48.52332768155038,0.0707070707070707,0.04040404040404041,0.12626262626262627,6.790224276836293,12.843495550420519,2.717885322199146,7.311437057873055,0.05527638190954774,0.035175879396984924,0.035175879396984924
0,12000,14000,1,45.73401014201278,79.15488357617332,12.955342288555805,47.524700482027434,44.943227591075114,75.08328674651118,12.52404449060372,46.64715636838474,0.08080808080808081,0.03535353535353535,0.14646464646464646,6.4356244904473145,12.245177273749897,2.6862525056820306,6.971164561513867,0.08542713567839195,0.035175879396984924,0.04020100502512563
0,13000,15000,1,41.93317146150508,73.80207018594639,12.516690361407067,43.75242928952982,40.49756760519541,71.26595073801998,11.958562506302568,42.21782991898603,0.07035175879396985,0.03015075376884422,0.17587939698492464,5.864915808038156,11.34966003903297,2.6703142352770826,6.441441039078419,0.10552763819095477,0.035175879396984924,0.04522613065326633
0,14000,16000,1,40.506846270882654,76.67873220787742,13.676111290565046,42.74231433538293,39.394646441671696,86.09064024379904,14.007079733440253,41.79898873788663,0.07035175879396985,0.035175879396984924,0.17587939698492464,5.734532088527849,10.305599048106254,2.663728015384234,6.320177980250033,0.10606060606060606,0.03535353535353535,0.03535353535353535
0,15000,17000,1,38.89070973805024,76.67873220787742,14.062673692438187,41.34316511047949,38.57747141420682,86.09064024379904,14.448070499695985,41.181601573667685,0.07035175879396985,0.04020100502512563,0.1658291457286432,5.768864182118652,10.305599048106254,2.595300168393756,6.323094951463483,0.06565656565656566,0.045454545454545456,0.03535353535353535
0,16000,18000,1,37.73113422203703,68.4759286723323,13.909042667454832,40.201091893453906,36.88986356969358,65.73917988053758,13.814037428672512,39.37931857532447,0.06565656565656566,0.03535353535353535,0.18181818181818182,5.496501429967244,10.651971069928397,2.5924809160776254,6.074444870385895,0.07537688442211055,0.035175879396984924,0.035175879396984924
0,17000,19000,1,36.312403838036495,72.94777247791622,14.943526514330182,39.25273877679371,35.03231314079683,69.42239752730262,15.40700357005162,38.25501117490808,0.06565656565656566,0.030303030303030304,0.18181818181818182,5.317255866251148,10.651971069928397,2.620261699345266,5.924917928830129,0.08040201005025126,0.03015075376884422,0.035175879396984924
0,18000,20000,1,35.49892077910318,72.94777247791622,13.699895408270972,38.03842892401867,35.044037628743936,69.42239752730262,14.30489433132573,37.83769846523523,0.07035175879396985,0.035175879396984924,0.17587939698492464,5.689069199848558,10.529269350995168,2.446941990512421,6.190552915511221,0.08585858585858586,0.03535353535353535,0.045454545454545456
0,19000,21000,1,36.02142117641817,73.0557656314778,14.639814830458786,38.868950859878865,35.38525604278898,67.09056226724128,14.783144597172386,38.33490579842002,0.07035175879396985,0.035175879396984924,0.18592964824120603,5.672978581523303,11.221233887603747,2.569679455499179,6.225171187770638,0.06565656565656566,0.03535353535353535,0.030303030303030304
0,20000,22000,1,34.71979867262767,76.4829735933784,15.455848924429876,37.98877817751729,33.7344043324034,73.02972766204437,15.911770579188628,37.2816603036107,0.06565656565656566,0.04040404040404041,0.18686868686868688,5.3313093456494425,11.221233887603747,2.566755706314724,5.914233088121298,0.08040201005025126,0.03015075376884422,0.035175879396984924
0,21000,23000,1,37.68708022832394,76.4829735933784,14.627948864149502,40.413087525759764,37.38401501087994,73.02972766204437,15.478058222416273,40.4466437901168,0.06565656565656566,0.03535353535353535,0.17676767676767677,5.937302593377269,11.189606500547358,2.4340264267862155,6.414547864689034,0.06532663316582915,0.035175879396984924,0.035175879396984924
0,22000,24000,1,40.376242041196356,74.77601923524576,15.107995613763327,43.09699751928708,39.52386859144658,72.44058842248296,16.262382611760977,42.72328347873307,0.07035175879396985,0.035175879396984924,0.1507537688442211,6.058039596651223,11.189606500547358,2.573157544332478,6.579339742216866,0.07575757575757576,0.03535353535353535,0.030303030303030304
0,23000,25000,1,37.65107964544902,76.36675507986118,16.12614987544337,40.94332967314922,36.59572176878847,72.44058842248296,17.037141844818613,40.34922221069255,0.06532663316582915,0.03015075376884422,0.19597989949748743,5.491761201754455,10.817831943450106,2.6338490206490173,6.087835547781517,0.10101010101010101,0.030303030303030304,0.045454545454545456
0,24000,26000,1,36.77955665229679,78.78689126175007,14.834164410287293,39.64451991287303,36.794885687012304,77.39588849369885,15.499153457446711,39.91097908882088,0.06532663316582915,0.03015075376884422,0.17587939698492464,5.801902538486915,12.056050403506173,2.495132744990784,6.3132109139605435,0.07537688442211055,0.035175879396984924,0.04522613065326633
0,25000,27000,1,39.10919794721201,86.98801644769702,15.862084748326936,42.18851438747788,38.246692813490014,84.24923564124273,16.48633466350896,41.63223410444245,0.06565656565656566,0.030303030303030304,0.17676767676767677,6.077253513073763,12.602474803230995,2.5480189173225387,6.587332439097462,0.08542713567839195,0.035175879396984924,0.03015075376884422
0,26000,28000,1,39.506320330224575,86.98801644769702,16.02799500759448,42.61871692330645,38.44449937888823,84.24923564124273,17.37193584696526,42.169268244452624,0.07575757575757576,0.03535353535353535,0.18181818181818182,5.93838376465152,12.602474803230995,2.697722564214341,6.519641112406465,0.09045226130653267,0.03015075376884422,0.03015075376884422
0,27000,29000,1,38.11663758581575,70.637312483521,13.617640948362764,40.46468837297472,37.9875667051164,68.44559455405702,15.196290882228507,40.90021814697426,0.06532663316582915,0.03015075376884422,0.1457286432160804,5.793621959707822,12.090901767126665,2.481684901466946,6.300306882979157,0.07575757575757576,0.045454545454545456,0.03535353535353535
0,28000,30000,0,34.58393575850235,75.94413045394857,14.5082261442267,37.4897958819594,33.8814443142089,75.97474315259808,15.640303512378821,37.300781054910516,0.06030150753768844,0.03015075376884422,0.1658291457286432,5.332485715516282,10.39587965374819,2.415273469438485,5.851464392542426,0.0707070707070707,0.045454545454545456,0.03535353535353535
0,29000,31000,0,29.52839065712815,75.94413045394857,14.995842542424832,33.10092327649459,29.212784088778534,75.97474315259808,15.689342381006895,33.14068883462815,0.06060606060606061,0.030303030303030304,0.1717171717171717,4.804867278407799,10.39587965374819,2.369097379599405,5.354559631301963,0.05025125628140704,0.04020100502512563,0.03015075376884422
0,30000,32000,0,25.865075921687783,69.20410355897054,13.608397027531767,29.210614967314353,25.915973287997854,69.01390003586454,14.350992527341415,29.606650070609575,0.05555555555555555,0.030303030303030304,0.16666666666666666,4.290259335212865,10.008452764553107,2.081644090519433,4.766329937423305,0.04522613065326633,0.035175879396984924,0.03015075376884422
0,31000,33000,0,23.75983869209533,56.383642649203765,13.208902302189093,27.168596931071406,23.749661315529373,55.65174532334941,13.638383217332182,27.370091010101635,0.06030150753768844,0.03015075376884422,0.18592964824120603,4.027449651666924,8.45447598236721,1.8954204880745709,4.449147801814087,0.06565656565656566,0.06060606060606061,0.025252525252525252
0,32000,34000,0,22.404649265996888,64.36168202954927,13.166799696608537,25.97048516897003,23.088070255983904,64.59826625631874,13.303235183143824,26.629873716403427,0.06030150753768844,0.04020100502512563,0.17587939698492464,3.7562159391614736,7.754236717986757,1.7704069959015276,4.150632319997448,0.06060606060606061,0.04040404040404041,0.025252525252525252
0,33000,35000,0,19.389564997760072,64.36168202954927,12.550492115982022,23.079829965455026,19.844464073197457,64.59826625631874,13.23564396646034,23.83494729674654,0.05555555555555555,0.045454545454545456,0.15656565656565657,3.1433209344019337,7.444986122738103,1.5698830779313362,3.5117910972369546,0.05025125628140704,0.04020100502512563,0.03015075376884422
0,34000,36000,0,15.954374448803248,55.54625710644167,11.611903484915084,19.715496373058848,17.700030273763183,55.852037906703124,11.317677748459957,20.993742730266113,0.050505050505050504,0.03535353535353535,0.17676767676767677,2.8572857363596893,6.417321357271346,1.418962040355146,3.1886467011592114,0.05527638190954774,0.04020100502512563,0.04522613065326633
0,35000,37000,0,12.85419636466968,46.33530230549173,9.620481147314395,16.04123603092323,15.373077152048536,47.28084057064994,8.57132179000601,17.590671407440066,0.04522613065326633,0.04522613065326633,0.135678391959799,2.4039172340048394,6.159098478184501,1.3218010544727914,2.74175861545338,0.06030150753768844,0.05527638190954774,0.03015075376884422
0,36000,38000,0,10.959377485964833,27.08425941319217,5.524082880520513,12.266656801768702,9.466576999479207,26.256869773836222,5.344631366842326,10.864545048563533,0.07035175879396985,0.02512562814070352,0.11557788944723618,1.7764589308593726,4.487389465881528,0.919003514077816,1.999032199424274,0.0707070707070707,0.08585858585858586,0.030303030303030304
0,37000,39000,0,10.988039757449446,18.26547734086262,3.6363474893410856,11.571254282021926,5.909752445069978,12.297880741465915,2.3816615431223784,6.36938961828123,0.04522613065326633,0.035175879396984924,0.09547738693467336,1.577482591398804,3.494963810010736,0.7391601901643174,1.741282170233715,0.0707070707070707,0.10606060606060606,0.030303030303030304
0,38000,40000,0,10.399024134285074,16.015206503758126,3.5132097811155902,10.973619392893196,5.098721648852002,7.970889630031086,1.5651849750385667,5.3323968237241735,0.045454545454545456,0.025252525252525252,0.06565656565656566,1.5022924533655238,3.5363500402343573,0.7435654826560056,1.6754127235703673,0.07035175879396985,0.12562814070351758,0.020100502512562814
0,39000,41000,0,9.812088277358416,16.015206503758126,3.104739783176191,10.289219904448352,4.510769040469806,7.0404568164174055,1.344506821510833,4.705916703153805,0.03535353535353535,0.025252525252525252,0.08585858585858586,1.4872316948508058,3.753643582066402,0.7531621085192843,1.6662157753632836,0.05527638190954774,0.08040201005025126,0.01507537688442211
0,40000,42000,0,10.23476758443913,15.731821717172641,2.98071678020083,10.657894570159621,4.059910626848312,6.881232100021898,1.1729385921737978,4.225136721373813,0.035175879396984924,0.04020100502512563,0.09045226130653267,1.3938133178587937,3.753643582066402,0.6624622914494966,1.5425195443349187,0.045454545454545456,0.0707070707070707,0.015151515151515152
0,41000,43000,0,10.242957548378108,15.731821717172641,3.0788272009806343,10.693454090550295,3.7835561962978432,6.076942579720616,1.1424541682933713,3.9514520128126884,0.03015075376884422,0.02512562814070352,0.07035175879396985,1.1312820496527054,2.330789784564701,0.5159272193965007,1.2428364249328454,0.06060606060606061,0.08585858585858586,0.020202020202020204
0,42000,44000,0,10.158842906623264,15.312157551739356,2.952332157537351,10.577076819348502,3.5971954928459926,5.6233435313172775,1.0753493969820132,3.7537155996467835,0.030303030303030304,0.025252525252525252,0.06060606060606061,1.1179102093507123,2.3172929618637346,0.5559394958480444,1.2478968769890852,0.06030150753768844,0.11557788944723618,0.01507537688442211
0,43000,45000,0,10.376250443468788,16.773352378929502,2.5975181495846345,10.69484776774226,3.3394295719459004,8.445087681804278,1.3100280938232456,3.5859921199885605,0.07575757575757576,0.06060606060606061,0.13131313131313133,1.5120491840633625,3.365121014472413,0.7786037487274967,1.6998486443126426,0.05527638190954774,0.07035175879396985,0.020100502512562814
0,44000,46000,0,9.89051847425575,16.773352378929502,2.063428321141283,10.102415723177293,2.793938238311632,8.445087681804278,1.3933558943068993,3.120548721692819,0.10050251256281408,0.10050251256281408,0.1306532663316583,1.866775315836776,3.365121014472413,0.7879742226886509,2.025495825217579,0.030303030303030304,0.050505050505050504,0.030303030303030304
0,45000,47000,0,9.520823737018544,13.47645709119217,1.9943541256851174,9.726435412433009,2.550837090712555,6.492503206265472,1.2494427573644162,2.8390055768234905,0.09183673469387756,0.08673469387755102,0.10204081632653061,1.5193217456696337,4.437226337856856,0.8637783510169241,1.7466150780049314,0.061224489795918366,0.08673469387755102,0.03571428571428571
1,0,2000,0,9.703290358943766,14.814606830047131,1.3488632042995288,9.796128462805816,1.8921136435262351,8.239224782024234,1.0787056342668975,2.176667603514666,0.09547738693467336,0.1457286432160804,0.18090452261306533,1.2571949936717735,3.4005051559421045,0.7773854195587473,1.4771072074169793,0.07035175879396985,0.07537688442211055,0.07035175879396985
1,1000,3000,0,9.870973236615338,14.814606830047131,1.5562991233900707,9.992300499115991,2.10450447450576,8.239224782024234,1.120755660591075,2.383013190838013,0.05527638190954774,0.1306532663316583,0.12562814070351758,1.64602549786594,3.487561716022307,0.6685055499901679,1.7759687811559735,0.04020100502512563,0.06532663316582915,0.04522613065326633
1,2000,4000,0,10.0990517757959,13.27324682925215,1.2898307466792678,10.180677374738389,1.590173680347931,3.708418044877664,0.9720228591306259,1.8624598331643014,0.08542713567839195,0.08040201005025126,0.11557788944723618,1.260929406180136,3.487561716022307,0.7204419501022127,1.4513388259877613,0.035175879396984924,0.05527638190954774,0.035175879396984924
1,3000,5000,0,10.05339895857488,13.27324682925215,0.865218932481236,10.090375245413426,1.1088009195539839,3.708418044877664,0.6067602164321659,1.2632289576507256,0.15151515151515152,0.08585858585858586,0.09595959595959595,0.7795029782262519,1.7843984058058837,0.3871507410153061,0.8699180391730508,0.04040404040404041,0.06060606060606061,0.045454545454545456
1,4000,6000,0,12.950048958972625,39.25995103199891,6.0668050086248915,14.29422735444069,5.83906419892118,31.830523666785243,8.03336322628791,9.914902891125552,0.03535353535353535,0.030303030303030304,0.07575757575757576,1.8348816258836844,7.502283338529076,1.8022000003830252,2.568733966767954,0.045454545454545456,0.06565656565656566,0.050505050505050504
1,5000,7000,1,30.938451698395774,85.53726097293114,21.20112008732611,37.47569677786399,27.828966720701175,81.92900921890318,22.618966092997105,35.82612074621624,0.05527638190954774,0.03015075376884422,0.09547738693467336,4.795017338165712,13.535693824596313,3.476143648728104,5.91737678930196,0.07035175879396985,0.09547738693467336,0.02512562814070352
1,6000,8000,1,48.76683321880959,90.77517873150693,19.084315952028135,52.35068368198492,48.5630387834427,82.84608511255114,17.399380119936133,51.57124656528478,0.06532663316582915,0.03015075376884422,0.1708542713567839,6.773293059244245,13.535693824596313,3.3602222432165387,7.557257235438954,0.08040201005025126,0.08542713567839195,0.035175879396984924
1,7000,9000,1,52.52331957338827,90.77517873150693,16.498127196255467,55.04107121130232,52.135337118690835,92.37380661830319,15.744455115687286,54.44938544829151,0.06565656565656566,0.03535353535353535,0.16161616161616163,7.276181487097044,13.425927877604586,3.269968411517478,7.973818302281272,0.07575757575757576,0.06565656565656566,0.03535353535353535
1,8000,10000,1,49.08444744744353,83.38233942512974,16.27824689744178,51.700413333381455,48.384875631464396,92.37380661830319,16.107818039350462,50.98288108483478,0.0707070707070707,0.03535353535353535,0.14646464646464646,7.027549880357736,13.69909726109841,3.388112384009627,7.79795344274381,0.09090909090909091,0.06565656565656566,0.03535353535353535
1,9000,11000,1,46.74639123678515,85.78608513912431,16.01820116036362,49.40166948833196,45.747178671005315,84.61367906796507,15.309474170393017,48.22875133915396,0.07035175879396985,0.035175879396984924,0.15577889447236182,6.599966129620515,13.69909726109841,3.139347114112409,7.305188273652466,0.08040201005025126,0.05527638190954774,0.035175879396984924
1,10000,12000,1,48.45921472877978,85.78608513912431,15.829048178368225,50.96667013384261,47.26743147900256,77.68826351298038,15.207654467823494,49.64198293040731,0.07537688442211055,0.035175879396984924,0.16080402010050251,6.766951705509,12.724198040782364,2.8504048718812336,7.340014937223711,0.08542713567839195,0.04522613065326633,0.04522613065326633
1,11000,13000,1,47.325754093958786,82.26690903814524,16.034569954148818,49.95546914010794,46.9660940525742,76.15745124867868,15.342185512564695,49.396555887791266,0.07035175879396985,0.035175879396984924,0.1658291457286432,6.906933453949757,12.470515072911468,2.6988911451074475,7.413050862051603,0.06532663316582915,0.04522613065326633,0.035175879396984924
1,12000,14000,1,45.952853760944016,82.51962692765314,15.161170400148588,48.37737876149675,46.0286432135347,77.60510826548962,14.109284036326597,48.13218809497541,0.0707070707070707,0.04040404040404041,0.15656565656565657,7.042551194350831,13.025462731528833,2.7080891951237285,7.542839081761738,0.045454545454545456,0.045454545454545456,0.03535353535353535
1,13000,15000,1,44.79692051550659,82.51962692765314,14.988188186523088,47.22585096634271,43.962972495292945,77.60510826548962,13.976046095565273,46.12039958607669,0.0707070707070707,0.03535353535353535,0.15656565656565657,6.644315172802895,13.025462731528833,2.743926682455538,7.185974040575483,0.05555555555555555,0.045454545454545456,0.03535353535353535
1,14000,16000,1,40.42734088643514,82.09929569115467,15.43193638433138,43.25880058918914,39.57012682347923,75.2244844803893,14.407165795068487,42.09897303903729,0.06532663316582915,0.04020100502512563,0.135678391959799,5.872994680523089,11.575634947752913,2.6926153870362466,6.458017749421591,0.08040201005025126,0.03015075376884422,0.04522613065326633
1,15000,17000,1,36.68044144241078,70.4023352387189,13.309681799068262,39.00918706990204,36.145104463476166,62.9447301858449,12.65031417817813,38.284446884318264,0.08040201005025126,0.035175879396984924,0.1708542713567839,5.386336796048172,12.251050308506727,2.6281894693784555,5.990447985583342,0.08040201005025126,0.05527638190954774,0.05527638190954774
1,16000,18000,1,37.76893246559572,75.41226085363331,12.955310418096625,39.918528407153126,37.250385430484876,67.77971346615445,12.493490221599036,39.279691372971335,0.07575757575757576,0.03535353535353535,0.18181818181818182,5.646331133436495,12.251050308506727,2.671272820971199,6.243468264606362,0.09090909090909091,0.06565656565656566,0.03535353535353535
1,17000,19000,1,40.71988599409332,78.17448020491909,14.555362128824108,43.23081153714435,39.80029638959963,72.38008395266216,13.809101172014264,42.11646495451557,0.06565656565656566,0.03535353535353535,0.15151515151515152,6.142367788833403,12.002360974609687,2.785662663410213,6.741632144552868,0.0707070707070707,0.045454545454545456,0.03535353535353535
1,18000,20000,1,40.79662555396787,78.17448020491909,15.594185193830533,43.6615090828392,39.93710438706972,72.38008395266216,15.026855101883033,42.65735164312743,0.06532663316582915,0.035175879396984924,0.1457286432160804,6.126522760823596,11.920410694024532,2.7293995149151766,6.704226632680959,0.06030150753768844,0.03015075376884422,0.035175879396984924
1,19000,21000,1,39.63351422161752,75.76145898772224,15.629977028033304,42.58978927562947,39.9386692701524,71.43019290838761,14.643432499239863,42.52593641360072,0.07035175879396985,0.035175879396984924,0.1507537688442211,5.956117065885371,11.980431561157008,2.5725410507652526,6.485384192406336,0.06532663316582915,0.035175879396984924,0.035175879396984924
1,20000,22000,1,36.35651629227858,81.22839215289348,16.411022992023426,39.87185194220282,35.79871528827391,74.65718127163024,14.995782328743415,38.798086117952586,0.06565656565656566,0.03535353535353535,0.13131313131313133,5.441825308780746,11.980431561157008,2.5042819673160177,5.987768879029948,0.06565656565656566,0.03535353535353535,0.030303030303030304
1,21000,23000,1,30.801257754434538,81.22839215289348,15.14478957759405,34.306406754672345,30.27566181130266,74.65718127163024,13.555564611360559,33.157889656424,0.06565656565656566,0.030303030303030304,0.12121212121212122,4.811802949323039,9.696463341766112,2.1124365263263236,5.252943140771587,0.06060606060606061,0.06060606060606061,0.030303030303030304
1,22000,24000,0,27.488357367373013,65.18602111209,15.088393529303078,31.338971137467958,27.643300389717098,60.253041782119546,13.516605497126806,30.75609187592382,0.06532663316582915,0.04020100502512563,0.12562814070351758,4.357446104464406,8.657712169813616,1.9379805047220156,4.7670038963494905,0.05025125628140704,0.06030150753768844,0.03015075376884422
1,23000,25000,0,24.421873403712688,65.18602111209,14.95314509260114,28.616541824031582,24.959542714965277,60.253041782119546,13.01746883869957,28.135138084464025,0.06030150753768844,0.05025125628140704,0.12060301507537688,3.649683703577783,7.587013338175269,1.8649641582210161,4.096448704799442,0.06030150753768844,0.07035175879396985,0.04522613065326633
1,24000,26000,0,20.680943521171763,58.49566964022362,13.744095585951467,24.81243816283051,21.18137057122749,53.0523837702522,12.895259136367692,24.781176907660498,0.05527638190954774,0.05527638190954774,0.12060301507537688,3.3066809651893765,6.954635067775148,1.7533744249410161,3.7407337876695794,0.06030150753768844,0.08040201005025126,0.06030150753768844
1,25000,27000,0,17.109058551261548,55.80132537913446,12.688147959611353,21.281447147927544,18.24181855514906,52.69325928728116,11.966662368700014,21.800122692061315,0.050505050505050504,0.06565656565656566,0.12121212121212122,3.096737711710936,7.443768451108845,1.690730358574837,3.526186173682111,0.05555555555555555,0.050505050505050504,0.030303030303030304
1,26000,28000,0,15.183672386743643,46.19948224576389,10.88038755196043,18.66365054911191,17.62675870728297,45.018928082454295,10.092130782828354,20.298815523838844,0.050505050505050504,0.04040404040404041,0.13131313131313133,2.7740546881016037,7.443768451108845,1.4912598731400655,3.1477071442545115,0.045454545454545456,0.045454545454545456,0.025252525252525252
1,27000,29000,0,14.157506309450646,41.31102667387911,10.244259764934519,17.460100765543533,16.15070209946784,42.30681077832289,9.610427323394369,18.781471989098957,0.05025125628140704,0.04020100502512563,0.1306532663316583,2.546397319441061,6.303330293695394,1.274047808103784,2.8459130585286694,0.06532663316582915,0.05527638190954774,0.03015075376884422
1,28000,30000,0,12.889617910453541,38.66554970772055,9.603348667279104,16.059434422628012,14.59544007231862,37.94228778772196,8.741998139391177,17.00197899411764,0.05527638190954774,0.05025125628140704,0.10050251256281408,2.4070973676178102,6.303330293695394,1.2064877917303998,2.6911804965161883,0.06030150753768844,0.02512562814070352,0.02512562814070352
1,29000,31000,0,11.739432593998952,38.01392600915329,7.801295505052166,14.084340913843368,12.997678406260038,37.94228778772196,6.8434869832368435,14.681199363655802,0.05555555555555555,0.05555555555555555,0.07575757575757576,2.620406097376271,6.07872754050817,1.157883522455506,2.8636489326901824,0.05555555555555555,0.045454545454545456,0.04040404040404041
1,30000,32000,0,10.043073372645836,33.219871647046794,4.9398271148163895,11.186714983413998,10.061100642889171,31.347981932998263,4.383077066826369,10.969985013645783,0.08585858585858586,0.09090909090909091,0.08585858585858586,2.4676288823806902,5.289547479069299,1.0369680961860404,2.6756478845030087,0.020202020202020204,0.05555555555555555,0.03535353535353535
1,31000,33000,0,9.58663361210492,17.958605919737575,3.376515401594434,10.161072580621507,6.5106601064444805,15.449765598218868,2.7031725817629613,7.0469355977196715,0.05527638190954774,0.09045226130653267,0.06532663316582915,1.7495150110801188,3.853720868023305,0.874976172354898,1.955136353217481,0.04522613065326633,0.12060301507537688,0.035175879396984924
1,32000,34000,0,10.379348558630186,17.3577882417993,3.5737225721683563,10.974448143722308,4.428250736867029,10.394144542628268,1.8717985337094811,4.805779457133501,0.05527638190954774,0.07035175879396985,0.07035175879396985,1.5650256384538903,3.853720868023305,0.8438741094560064,1.7770391509657641,0.06030150753768844,0.06030150753768844,0.04020100502512563
1,33000,35000,0,10.343769943836783,17.3577882417993,3.567799960981678,10.938881443264398,4.3819889813714115,7.603924384624548,1.5376987058520943,4.642684800445726,0.05527638190954774,0.02512562814070352,0.06532663316582915,1.6385541849002718,3.3559551233580875,0.7281780278336817,1.7923313981719018,0.04020100502512563,0.03015075376884422,0.035175879396984924
1,34000,36000,0,10.499004948991043,17.073882739260135,3.5535135392297734,11.081205206440062,4.602427534417358,7.8471439851938944,1.4901101228613505,4.836487305604442,0.03535353535353535,0.025252525252525252,0.07575757575757576,1.761791475699562,3.6050811375980385,0.7487798111597523,1.913573350097626,0.030303030303030304,0.03535353535353535,0.015151515151515152
1,35000,37000,0,10.107921985618498,17.073882739260135,2.8477700188768402,10.499482283126683,3.627245185401571,7.916011813432597,1.660051881469574,3.987333919103707,0.05555555555555555,0.030303030303030304,0.08585858585858586,1.823070819232135,3.817905970175176,0.8865721763278265,2.0262397774337058,0.045454545454545456,0.04040404040404041,0.04040404040404041
2,0,2000,0,9.70399727432739,17.14246364480905,2.0384956896026627,9.914743871862711,2.058635517668811,7.348042710134393,1.846358511263849,2.7622408924573194,0.12060301507537688,0.135678391959799,0.1507537688442211,1.4630613972963118,5.632657131888866,1.349322110817233,1.9879928219702427,0.06532663316582915,0.03015075376884422,0.02512562814070352
2,1000,3000,0,9.815415082229093,17.14246364480905,2.0397134282545224,10.024071126618425,2.337179584760888,7.348042710134393,1.7366497254368187,2.909171861361676,0.09547738693467336,0.06030150753768844,0.12060301507537688,1.4353346989709035,5.632657131888866,1.326079910580776,1.9518916946566436,0.07035175879396985,0.04020100502512563,0.010050251256281407
2,2000,4000,0,10.118288628820121,11.61496789605259,0.7804240893902149,10.148190278249386,1.3523767193366354,3.487767011492343,0.6373713835867819,1.4943673779281899,0.07035175879396985,0.10050251256281408,0.11557788944723618,0.6510293666675981,1.6496446068470418,0.4020449950368912,0.7646379623113522,0.05527638190954774,0.06532663316582915,0.11055276381909548
2,3000,5000,0,10.037194080031774,11.617745072857508,0.7558307432287538,10.065469405760513,1.0547804843117363,2.0598234388894965,0.3805903822966869,1.1210187440730253,0.06060606060606061,0.0707070707070707,0.07575757575757576,0.43911651222364795,0.8746588610310035,0.189486615170205,0.47806700430938065,0.06060606060606061,0.11616161616161616,0.03535353535353535
2,4000,6000,0,12.898560524090907,37.36632316057497,5.628338902797421,14.067433006926155,6.582122735520607,31.353875160187684,8.660184305703957,10.860306329077952,0.05555555555555555,0.015151515151515152,0.08080808080808081,1.4209087832449083,8.739502699449428,1.7315142359602653,2.236527952362599,0.045454545454545456,0.09090909090909091,0.050505050505050504
2,5000,7000,1,32.54118742488052,83.8621644927881,20.421360613490705,38.391088659751496,30.244103468400898,74.85493307791309,21.271100908371004,36.94459676044888,0.05025125628140704,0.03015075376884422,0.08542713567839195,4.72397435159348,12.972270817912262,3.4134011176300434,5.823142135342557,0.07537688442211055,0.06532663316582915,0.05025125628140704
2,6000,8000,1,50.98400314932191,95.669018967206,17.432225130801296,53.86772352509387,50.427649158246005,105.0641909577962,15.055565583583393,52.616390073754786,0.08040201005025126,0.035175879396984924,0.18090452261306533,6.980053913564858,13.269178727299632,2.8938720514235268,7.553394972396998,0.10552763819095477,0.04522613065326633,0.035175879396984924
2,7000,9000,1,53.412557731555566,98.90137919825271,18.73557794031109,56.5876247525481,53.21484712897635,108.26579948460689,17.142263297955594,55.894547825663366,0.08080808080808081,0.03535353535353535,0.15656565656565657,7.137047819735828,13.969205925620146,2.920177848236473,7.708569179552544,0.09595959595959595,0.04040404040404041,0.03535353535353535
2,8000,10000,1,52.87660661796423,98.90137919825271,17.060456747763943,55.54756612945535,52.66235818449031,108.26579948460689,15.75225028249911,54.95644145195333,0.07575757575757576,0.04040404040404041,0.17676767676767677,7.244799292260442,13.969205925620146,2.693743711186647,7.727024548480341,0.08585858585858586,0.03535353535353535,0.03535353535353535
2,9000,11000,1,53.31480446377902,83.20292177868347,14.9343141026674,55.35690511615995,52.659756864584786,81.88452432383825,13.698928781942554,54.403789753665635,0.08542713567839195,0.04020100502512563,0.19095477386934673,7.262533550756756,12.637593396889027,2.627469139926085,7.720975954290049,0.09045226130653267,0.035175879396984924,0.035175879396984924
2,10000,12000,1,54.47708748476033,86.16730838670395,15.085224829954527,56.517070420817596,54.035019331793734,87.15826220140806,14.352566865775731,55.89945893249507,0.07537688442211055,0.04020100502512563,0.21105527638190955,7.27925510615641,12.637593396889027,2.9551370523369775,7.853453108258084,0.08542713567839195,0.04020100502512563,0.04020100502512563
2,11000,13000,1,52.153514412810544,86.16730838670395,15.637837765274654,54.436221226861626,51.68723021514862,87.15826220140806,14.910951924792494,53.78465381348871,0.0707070707070707,0.03535353535353535,0.18686868686868688,6.9143420348674685,12.395369729451982,2.8917468983956076,7.49188259340489,0.06060606060606061,0.03535353535353535,0.04040404040404041
2,12000,14000,1,49.84120689029304,88.56286122880195,16.16387337319882,52.384194067491876,48.83487603514549,79.08034610770106,14.400434569736806,50.903590838187384,0.0707070707070707,0.030303030303030304,0.16666666666666666,6.732492437579985,12.048481398874774,2.8347409991564105,7.302179829905453,0.07575757575757576,0.03535353535353535,0.03535353535353535
2,13000,15000,1,47.675247785333305,88.56286122880195,16.491554914164734,50.433528311653994,47.41787080055741,79.08034610770106,14.196205425296228,49.48716054183326,0.07035175879396985,0.035175879396984924,0.1658291457286432,6.614988547279045,12.048481398874774,2.9655765641195044,7.246291783836716,0.08040201005025126,0.035175879396984924,0.05527638190954774
2,14000,16000,1,48.74493580869428,87.54528427919564,16.29272214559567,51.38282103906657,49.04967318870744,79.44115246367879,13.860686532655501,50.96104863442039,0.07035175879396985,0.04020100502512563,0.15577889447236182,6.938116202381273,12.482492682617941,3.0219971090050453,7.564671878670363,0.05527638190954774,0.035175879396984924,0.04522613065326633
2,15000,17000,1,47.341030601086985,87.54528427919564,17.35584935393976,50.40726691297319,47.18411464876113,79.44115246367879,15.398781167807073,49.62134142014073,0.07035175879396985,0.035175879396984924,0.12562814070351758,6.616162596347734,12.482492682617941,3.0421322212869937,7.2788668837151,0.06532663316582915,0.04522613065326633,0.035175879396984924
2,16000,18000,1,42.24849100994907,89.14382512489067,17.967476614950275,45.89273304277086,41.96897107266091,80.40456372862162,15.491785581064393,44.72341608429956,0.0707070707070707,0.04040404040404041,0.13131313131313133,5.838687310712636,11.608766880499465,2.90002120646348,6.515990376420295,0.06565656565656566,0.03535353535353535,0.03535353535353535
2,17000,19000,1,43.73726281560803,89.14382512489067,18.60794701705894,47.512775886476355,43.66753273987319,80.40456372862162,15.639824118715534,46.370554748981725,0.0707070707070707,0.03535353535353535,0.1414141414141414,6.207440939222956,11.608766880499465,2.8252690779501046,6.817210360076324,0.07575757575757576,0.03535353535353535,0.06060606060606061
2,18000,20000,1,39.814172310626425,87.34167232983437,17.817885071332288,43.6011233806353,39.95761426066909,78.51459074083684,15.353920195617523,42.792231636722924,0.06532663316582915,0.035175879396984924,0.135678391959799,5.968600203956603,10.901380993944302,2.5671589367887453,6.494731855617401,0.04020100502512563,0.03015075376884422,0.035175879396984924
2,19000,21000,1,31.515816974143423,79.34476342554782,15.510227096055084,35.10856061413017,31.65602874368246,71.38148075695783,12.751617506178107,34.115903712192626,0.06030150753768844,0.04020100502512563,0.135678391959799,4.988847657600214,10.277314982240215,2.4044389069950483,5.535433205804884,0.04020100502512563,0.03015075376884422,0.035175879396984924
2,20000,22000,0,29.17023361410077,72.61774398666067,14.81476390593348,32.69979905196002,29.343827780752687,64.2326065840818,11.866770906136638,31.64131541369971,0.06060606060606061,0.030303030303030304,0.15151515151515152,4.538843612266196,9.272934568651337,2.2205712798150965,5.050471222412911,0.06060606060606061,0.03535353535353535,0.030303030303030304
2,21000,23000,0,27.70341624717081,69.72873770501994,15.211256099393548,31.58637140759929,27.694387809705088,62.38605269107041,12.916133733376984,30.544513461485327,0.06060606060606061,0.050505050505050504,0.17676767676767677,4.2622251766807295,8.561136095525061,2.102085188373239,4.7500653428178214,0.050505050505050504,0.025252525252525252,0.030303030303030304
2,22000,24000,0,26.782977681247996,71.42570309795593,15.67403749671636,31.012496959539654,26.833610062314474,68.05212140923555,13.931416634813344,30.21848071266712,0.06030150753768844,0.05025125628140704,0.1507537688442211,4.129681960300901,8.658936103672136,2.071327927108066,4.617707275038598,0.07035175879396985,0.04020100502512563,0.03015075376884422
2,23000,25000,0,24.541255101010396,71.42570309795593,15.481025254153916,28.995465751355354,24.931187167115787,68.05212140923555,14.179218288566771,28.663724002303173,0.06030150753768844,0.04522613065326633,0.1407035175879397,3.9369647327019788,8.658936103672136,1.9685377954746273,4.3994836803300235,0.06030150753768844,0.06030150753768844,0.02512562814070352
2,24000,26000,0,21.427589462538673,66.52113300971331,14.638107979116409,25.92960517164364,21.78188349787053,63.0091088959808,13.611859505122053,25.66723113828311,0.06030150753768844,0.06030150753768844,0.15577889447236182,3.445752808269383,7.444312064917162,1.791718684348885,3.881677083468178,0.04522613065326633,0.05527638190954774,0.02512562814070352
2,25000,27000,0,19.195114147360243,56.910293098168275,13.648887017832262,23.53313371961241,20.689060681351105,54.547050926077205,12.301244522960408,24.054052539658997,0.05555555555555555,0.05555555555555555,0.13636363636363635,3.083940450067245,6.579681367264196,1.6872632064858721,3.513294751769139,0.04040404040404041,0.06565656565656566,0.04040404040404041
2,26000,28000,0,16.360148871290363,53.78977678338224,12.175136627865127,20.37507125796808,18.221419151865796,52.99007508025933,11.635974149044749,21.604065101881606,0.050505050505050504,0.050505050505050504,0.13636363636363635,2.7776574372458844,6.9115190842946435,1.5828352940173827,3.195020910714148,0.07575757575757576,0.08080808080808081,0.03535353535353535
2,27000,29000,0,13.933060657044148,42.52583441779387,9.266081393911483,16.720082007857233,14.741139805263597,43.458453402876394,9.339791462630195,17.438370015598352,0.05025125628140704,0.05527638190954774,0.12562814070351758,2.427889988984684,6.9115190842946435,1.4764253027278398,2.8396447515093093,0.07537688442211055,0.09045226130653267,0.02512562814070352
2,28000,30000,0,11.45788102835052,35.49034191836678,6.1667732333083185,13.004690857929978,10.109122395439622,32.38143301925731,6.282981433017506,11.894235242973101,0.06030150753768844,0.06030150753768844,0.1306532663316583,1.8870757170309809,6.416672210389284,1.1302804861128115,2.1982268011306223,0.06030150753768844,0.09547738693467336,0.03015075376884422
2,29000,31000,0,10.366861946600054,23.066465259781225,4.085781811802585,11.139189922563482,5.963769498401435,15.586511818835405,2.707484981780051,6.54676905039485,0.03535353535353535,0.025252525252525252,0.1111111111111111,1.54661364020857,3.3863252889718396,0.6748570613140243,1.6867593788096054,0.050505050505050504,0.09090909090909091,0.025252525252525252
2,30000,32000,0,10.53656290242398,16.6072710520569,3.263794378059932,11.028054321737931,4.389711485115074,7.059529513343672,1.3770207066978402,4.599589587803181,0.030303030303030304,0.050505050505050504,0.08080808080808081,1.383158518235515,3.3863252889718396,0.630367220657441,1.5193727394196854,0.04040404040404041,0.09090909090909091,0.030303030303030304
2,31000,33000,0,10.164788931829499,15.551256696250679,2.9150681564203125,10.572514756359354,3.9416274469799197,6.246166509393702,1.1692974861602303,4.110577484839614,0.035175879396984924,0.04522613065326633,0.07035175879396985,1.2318968005385584,3.257389024796428,0.6176038096389544,1.3773514513475795,0.04020100502512563,0.11055276381909548,0.02512562814070352
2,32000,34000,0,10.18487669093687,15.72369492285156,2.9754245191769786,10.60851537791986,4.003370787405986,6.312391499544117,1.0995761596622453,4.150903522571768,0.05527638190954774,0.05025125628140704,0.06030150753768844,1.2278895073652671,3.257389024796428,0.6403611188217637,1.3840970677607427,0.06532663316582915,0.08040201005025126,0.01507537688442211
2,33000,35000,0,10.834012968337548,15.72369492285156,2.992270301295892,11.237638772423244,4.043912459710738,6.5050491027724355,1.3020338829793388,4.24735225261405,0.050505050505050504,0.04040404040404041,0.06565656565656566,1.283784909251892,3.007388859471675,0.6301644846697884,1.4294108776008179,0.05555555555555555,0.09090909090909091,0.015151515151515152
2,34000,36000,0,10.146940897687202,15.319900268268672,3.1412485104164665,10.619711231886033,3.851034015871915,7.032934329643201,1.5143796119582065,4.136692645935382,0.07106598984771574,0.05583756345177665,0.12690355329949238,2.21475345575396,5.812426985597905,1.373083000818866,2.6040383333390262,0.030303030303030304,0.06060606060606061,0.020202020202020204
2,35000,37000,0,9.403340792491278,14.790760137970272,2.446309671623569,9.714799375909012,3.006416568719004,7.032934329643201,1.4289777946962914,3.3271995625069235,0.12626262626262627,0.10101010101010101,0.11616161616161616,2.119770161054212,5.812426985597905,1.400960135541557,2.538956752401572,0.03015075376884422,0.08040201005025126,0.05025125628140704
3,0,2000,0,9.83298347763656,12.664091471379525,1.1505280205003319,9.899728630858336,1.5304463287021322,3.683405966922752,0.7401376011025269,1.6992147054627351,0.1306532663316583,0.10552763819095477,0.10050251256281408,1.2081342938022388,3.467815694883976,0.7050192704541421,1.3979110782571853,0.05527638190954774,0.05025125628140704,0.05527638190954774
3,1000,3000,0,9.747241028072338,12.664091471379525,1.4203414346124767,9.849669568125588,1.7400089072892888,3.683405966922752,0.6305691521076697,1.850205492846106,0.05527638190954774,0.04522613065326633,0.08542713567839195,1.0681153242812178,3.467815694883976,0.7100841224266817,1.2816273676783863,0.04522613065326633,0.01507537688442211,0.04020100502512563
3,2000,4000,0,9.929604444683335,12.222170016922895,1.193765373154949,10.000749712655951,1.3598934185373963,2.68567342329641,0.5906551548393352,1.4820388841592225,0.04522613065326633,0.04522613065326633,0.08542713567839195,0.6822176322878067,1.3497905421251162,0.32700930018035634,0.7561886701060822,0.035175879396984924,0.02512562814070352,0.03015075376884422
3,3000,5000,0,9.957622530043862,11.50491323438919,0.7442252741785322,9.985255852350821,1.0329573223931758,2.121608649030991,0.43278202757324646,1.1195355759518615,0.09595959595959595,0.07575757575757576,0.07575757575757576,0.7203673414137747,1.3497905421251162,0.3071423010197739,0.7828099689099265,0.045454545454545456,0.015151515151515152,0.06060606060606061
3,4000,6000,0,12.617179135413343,32.23752630437946,5.232044209993353,13.653934843890681,5.805439597037982,30.65139231196912,8.415399835521566,10.206184848604355,0.10606060606060606,0.045454545454545456,0.09595959595959595,1.5366792266540188,7.066378057162095,1.4544566625779713,2.113337847142987,0.045454545454545456,0.030303030303030304,0.0707070707070707
3,5000,7000,1,32.25319727814854,87.284315377357,21.524175144836093,38.74586945405175,29.144469257754007,77.61213714371786,22.815684900211515,36.977733683861416,0.04522613065326633,0.03015075376884422,0.09547738693467336,4.878301294673994,13.591488197223743,3.4684599882353617,5.980625982132445,0.05527638190954774,0.06532663316582915,0.035175879396984924
3,6000,8000,1,51.6113078484081,93.16867114538171,18.64721744574689,54.8607985969925,51.074444675769335,102.53275810507279,17.51344963562277,53.9794980755381,0.08040201005025126,0.035175879396984924,0.10552763819095477,7.476553812592622,14.918653774164635,3.250224146589335,8.149232732635035,0.07035175879396985,0.08542713567839195,0.035175879396984924
3,7000,9000,1,56.063681146786855,93.16867114538171,18.450581246453375,59.00719972133371,55.95189056025875,102.53275810507279,17.29405169624198,58.55079286858636,0.07575757575757576,0.03535353535353535,0.13636363636363635,7.841574574638882,14.918653774164635,3.2838395566862717,8.498217759491128,0.0707070707070707,0.06565656565656566,0.03535353535353535
3,8000,10000,1,54.33900637468008,92.26302155339997,16.408102071603825,56.75033509895826,53.89492004324575,94.49025975349298,15.232199375949412,55.995681754593434,0.08585858585858586,0.04040404040404041,0.17676767676767677,7.307183448133202,13.12705768493748,3.0808428546823294,7.927094435807753,0.08585858585858586,0.07575757575757576,0.03535353535353535
3,9000,11000,1,49.82016654169434,86.19681604652592,15.30981447725285,52.1082283470991,49.52861510035822,95.32500176701011,14.860018229870688,51.6991272154817,0.07537688442211055,0.035175879396984924,0.17587939698492464,6.500875854021442,12.62736944964603,2.7222465118130335,7.045208287206409,0.10552763819095477,0.06030150753768844,0.05025125628140704
3,10000,12000,1,54.178198541394956,94.89473186054633,18.065484539744304,57.09647204677599,53.396053882340105,102.65190574737309,17.223946728791464,56.09206351541573,0.08542713567839195,0.035175879396984924,0.20603015075376885,7.0936446113754394,12.944381029996766,2.889246143073724,7.6567485547969945,0.08542713567839195,0.06532663316582915,0.035175879396984924
3,11000,13000,1,60.52967066075484,94.89473186054633,17.635280792899703,63.03403162816606,59.41106360176249,102.65190574737309,16.72491919410903,61.708984643501445,0.07035175879396985,0.035175879396984924,0.18090452261306533,7.736842306731803,12.944381029996766,3.0125938222465756,8.299944084714314,0.08542713567839195,0.08542713567839195,0.035175879396984924
3,12000,14000,1,60.22448411140536,94.35392104575648,17.768977731527844,62.77848708101123,59.86949512928151,98.74685142682752,17.323799578746353,62.313420449906694,0.0707070707070707,0.03535353535353535,0.17676767676767677,7.686742277577408,12.805700159301425,3.0942066209654073,8.28323670592676,0.06565656565656566,0.0707070707070707,0.04040404040404041
3,13000,15000,1,57.994192941517504,90.16595935928189,17.536231374217827,60.574751357935,58.03064069023982,98.74685142682752,16.4329421734314,60.30124256172627,0.0707070707070707,0.04040404040404041,0.16666666666666666,7.656730758488805,12.893060567017004,3.063633090101865,8.24404079046692,0.05555555555555555,0.09595959595959595,0.03535353535353535
3,14000,16000,1,51.25213133984962,90.16595935928189,17.840368098175514,54.25374002855658,50.97800239534636,88.46084781574511,16.17063174881161,53.46904349920461,0.07035175879396985,0.035175879396984924,0.1708542713567839,7.018667067782792,12.893060567017004,2.908722315306972,7.594738283075041,0.06532663316582915,0.05527638190954774,0.04020100502512563
3,15000,17000,1,45.5430672229473,89.63909624424602,17.677377265059636,48.83746707918304,45.19609826270643,88.46084781574511,15.691065707432458,47.82954937579909,0.06532663316582915,0.03015075376884422,0.1457286432160804,6.4347577896556585,12.640634597676295,2.8555711805598083,7.0370180577387815,0.07537688442211055,0.04522613065326633,0.035175879396984924
3,16000,18000,1,46.963939428287496,87.95206951206346,17.371679538951312,50.0586695596791,46.96076849042609,79.41838902988177,14.552036017833336,49.15293887518174,0.06565656565656566,0.03535353535353535,0.13636363636363635,6.733619576051954,12.640634597676295,2.818749359251967,7.297057912176934,0.05555555555555555,0.03535353535353535,0.030303030303030304
3,17000,19000,1,45.67344898875206,87.95206951206346,16.207232931597932,48.450163776518174,45.35310424903544,79.41838902988177,14.01894204329374,47.45995374417096,0.06565656565656566,0.03535353535353535,0.13131313131313133,6.6232172917913505,11.462154411591785,2.719383343689103,7.157156700128755,0.030303030303030304,0.04040404040404041,0.030303030303030304
3,18000,20000,1,40.71115625566713,90.28599864086644,16.95702149664681,44.08515757963101,40.53195001033422,81.18617745263582,14.57316251921487,43.05989029389908,0.06532663316582915,0.03015075376884422,0.135678391959799,5.792848480874645,11.462154411591785,2.764410251001776,6.415672041028607,0.05025125628140704,0.03015075376884422,0.03015075376884422
3,19000,21000,1,34.8441933283447,90.28599864086644,17.984589163673803,39.19114732758233,35.45933921893592,81.18617745263582,14.787982363250844,38.40515249426183,0.06030150753768844,0.03015075376884422,0.135678391959799,5.051262621645731,10.192447001087377,2.3999413990543736,5.5898277431541565,0.06532663316582915,0.035175879396984924,0.04522613065326633
3,20000,22000,0,28.575789962164585,81.06583995585557,17.51094774473774,33.491315173818485,28.83911240566562,72.9499042094927,14.421622579251197,32.227821218124646,0.06060606060606061,0.04040404040404041,0.13131313131313133,4.336018493503327,8.732690303351317,2.1298442979747465,4.828508874399322,0.06060606060606061,0.06060606060606061,0.04040404040404041
3,21000,23000,0,22.971322581495514,77.98337893400112,15.707827996680827,27.806072049483944,22.747586177403782,69.6390135797158,12.772822896334961,26.07254988479497,0.06060606060606061,0.06060606060606061,0.10606060606060606,3.56233918624888,8.732690303351317,1.922216231090711,4.045566499724267,0.06565656565656566,0.07575757575757576,0.03535353535353535
3,22000,24000,0,18.53131148833027,52.745921366952295,12.876330478033852,22.547292356825626,19.306082504015528,49.571750454938,10.27170031074078,21.85646608647332,0.06030150753768844,0.04020100502512563,0.11557788944723618,3.27280921698928,7.133779778000559,1.5986078587795125,3.6406111467074926,0.05025125628140704,0.05025125628140704,0.02512562814070352
3,23000,25000,0,15.687260449590832,52.745921366952295,11.21141346677817,19.26544713669362,16.37899893925843,49.571750454938,9.750818750218842,19.0492698080622,0.07035175879396985,0.04522613065326633,0.09045226130653267,2.9155270558745627,7.133779778000559,1.431006979081339,3.246203949668782,0.05527638190954774,0.035175879396984924,0.05025125628140704
3,24000,26000,0,16.260832760386663,46.71757609158303,11.75634870063407,20.048325569939998,15.902330713568256,41.09402875401734,10.079885233084365,18.81436121701419,0.06030150753768844,0.05527638190954774,0.07035175879396985,2.740350254832158,6.064740720398163,1.4032512238167314,3.077139572121504,0.04522613065326633,0.05527638190954774,0.04020100502512563
3,25000,27000,0,15.796674716518044,46.71757609158303,11.823486376376216,19.71363172042269,16.98327923658953,41.09402875401734,9.712340259180706,19.552168909925207,0.050505050505050504,0.045454545454545456,0.10606060606060606,2.745716789353337,5.925201911561051,1.4618650815304703,3.1089019382477194,0.030303030303030304,0.06060606060606061,0.04040404040404041
3,26000,28000,0,13.275588569882602,41.627138228299934,9.91166876594359,16.552605696465157,15.163784431495177,40.392519970529676,8.271179037879634,17.262936599650182,0.050505050505050504,0.045454545454545456,0.10101010101010101,2.7092035942103045,5.579320124046157,1.2542410634905945,2.984124600507989,0.045454545454545456,0.045454545454545456,0.030303030303030304
3,27000,29000,0,11.138419317372863,39.45255848741761,7.070938868602533,13.18379954681963,9.736605091389064,35.93127593964437,6.954490423013884,11.955107321318215,0.02512562814070352,0.06532663316582915,0.05527638190954774,2.057311029717623,5.579320124046157,1.27193719798166,2.417077530289249,0.08040201005025126,0.04020100502512563,0.05527638190954774
3,28000,30000,0,9.776921410311589,16.641176566882418,3.0336892765282415,10.234522291577608,4.434993827032852,17.32450687246715,2.4039499081668056,5.04175074066438,0.05527638190954774,0.08040201005025126,0.05527638190954774,1.535751439657598,3.852374533055505,0.8307468845341489,1.745056494398609,0.035175879396984924,0.07035175879396985,0.08542713567839195
3,29000,31000,0,10.061967477974436,14.684531438371671,2.301569399800019,10.320551924455295,2.8858511618810785,8.592308769270847,1.6126706081106297,3.3039029256258097,0.05555555555555555,0.09090909090909091,0.050505050505050504,1.4137236955239838,3.3109915913503603,0.8031083349233088,1.6249174023064088,0.03535353535353535,0.050505050505050504,0.03535353535353535
4,0,2000,0,9.700388123976332,13.625014038700135,1.3944531487574559,9.799604991282392,1.4840358995874,3.927215621333795,0.9304251318712061,1.7503499714776034,0.135678391959799,0.1306532663316583,0.15577889447236182,1.5833311269063115,3.341896132653218,0.7953327609248725,1.7709683472687445,0.035175879396984924,0.03015075376884422,0.08040201005025126
4,1000,3000,0,10.040225522129399,20.457021605828878,2.9787814851066203,10.470668649878691,3.0920412255612835,10.778796727856351,2.4624124051565794,3.948908256641852,0.07537688442211055,0.06532663316582915,0.1507537688442211,1.7799669894205965,4.342022703583144,0.9299475339974637,2.007177343269659,0.04522613065326633,0.04020100502512563,0.020100502512562814
4,2000,4000,0,9.936703580688409,20.457021605828878,3.07796144906125,10.400219012067177,3.6528006170314704,10.778796727856351,2.110417400330883,4.215986793549852,0.08040201005025126,0.035175879396984924,0.1658291457286432,1.8938339958910444,4.342022703583144,0.9993899523841765,2.140185407747295,0.05527638190954774,0.02512562814070352,0.02512562814070352
4,3000,5000,0,9.904171561557067,12.984871213663087,1.323580267262391,9.991780407130706,1.8813374137526548,6.36104571019679,0.9495107972825345,2.1062931211584366,0.12121212121212122,0.1111111111111111,0.1717171717171717,1.5113554045810609,3.0936867044636074,0.787249816332455,1.7031861463119276,0.050505050505050504,0.04040404040404041,0.07575757575757576
4,4000,6000,0,10.865701976165271,20.865756262935584,1.8900648816826984,11.028049383644813,2.208712261800595,15.028021998164045,2.432577065670535,3.2811743630561687,0.12626262626262627,0.03535353535353535,0.13636363636363635,1.2614147472429837,4.475295028191046,0.8168381837702781,1.5016786924962446,0.025252525252525252,0.05555555555555555,0.07575757575757576
4,5000,7000,1,25.768661607294142,84.20450396695199,19.898183058127945,32.52663403429459,21.578424993372874,84.99753389425413,22.80684218101524,31.355696694747614,0.03015075376884422,0.035175879396984924,0.07537688442211055,3.7060709658763518,15.144515787543671,3.454077467179848,5.060233186093782,0.07537688442211055,0.08040201005025126,0.04020100502512563
4,6000,8000,1,50.50969692432967,94.7366674968961,21.512691450156073,54.87906155675503,49.73941519719233,97.8109098917109,20.164546965794802,53.65244946619635,0.05527638190954774,0.035175879396984924,0.10050251256281408,7.38525908390152,15.486753822219795,3.546684318954143,8.188902646043214,0.07035175879396985,0.06532663316582915,0.035175879396984924
4,7000,9000,1,63.80869494277922,106.11382332092599,18.147679200648106,66.32671290315677,63.13993442934377,115.6773435476818,17.690838767394563,65.55947226520813,0.0707070707070707,0.03535353535353535,0.13636363636363635,8.57216007423038,15.542016493337112,3.492290924422974,9.25293128284016,0.08585858585858586,0.07575757575757576,0.03535353535353535
4,8000,10000,1,66.91071111204792,106.11382332092599,17.555289092293112,69.16417246188134,66.66398293220401,115.6773435476818,18.167382796893694,69.08315175407549,0.07575757575757576,0.03535353535353535,0.16666666666666666,8.73269781123554,15.542016493337112,3.596030589402133,9.440681382814589,0.10606060606060606,0.06565656565656566,0.04040404040404041
4,9000,11000,1,66.2942247326647,97.58395748966338,16.831954071314325,68.38729660817566,65.91517899340921,106.2057634484464,16.216533553774237,67.87099455902616,0.07537688442211055,0.04020100502512563,0.15577889447236182,8.579902225922806,14.7797846129966,3.5612319398510226,9.286209305801973,0.07035175879396985,0.06532663316582915,0.035175879396984924
4,10000,12000,1,61.44533333620775,99.09613489212472,17.435546542725564,63.85927716960955,61.17766071715989,90.56887427218301,17.318775336303215,63.570012191893795,0.07537688442211055,0.04020100502512563,0.1457286432160804,7.724994926924276,13.281501552638256,3.40033648765744,8.436825434317926,0.09045226130653267,0.06030150753768844,0.04020100502512563
4,11000,13000,1,57.60898773633985,99.09613489212472,18.518446034200977,60.4980466404475,56.90286096025309,100.01163567653464,19.097188648148627,60.00678867139582,0.07035175879396985,0.035175879396984924,0.16080402010050251,7.239303469276524,13.618725257424156,3.2947763636692406,7.950395477612398,0.08542713567839195,0.06532663316582915,0.035175879396984924
4,12000,14000,1,57.35183379040106,92.2534588321288,18.41093618375207,60.22036267559879,56.100678143013866,100.01163567653464,18.198840654264924,58.96456205812751,0.0707070707070707,0.030303030303030304,0.1414141414141414,7.403595768857948,13.618725257424156,3.149600024183546,8.042596687245364,0.07575757575757576,0.06565656565656566,0.03535353535353535
4,13000,15000,1,55.59340066818576,92.2534588321288,18.797227793178674,58.67014925765323,55.000967581273954,93.13032371416274,18.636315529129792,58.05750083887973,0.0707070707070707,0.03535353535353535,0.16161616161616163,7.299636199403207,13.100507128543427,3.247941668824435,7.986288440127193,0.0707070707070707,0.08585858585858586,0.04040404040404041
4,14000,16000,1,49.281139774681236,90.82388111744739,18.65570674748969,52.67756595334261,49.52864361133772,93.13032371416274,18.205012354975956,52.75274306090165,0.07035175879396985,0.035175879396984924,0.1708542713567839,6.801933086067709,13.100507128543427,3.078083226033731,7.462808926403038,0.06532663316582915,0.08542713567839195,0.035175879396984924
4,15000,17000,1,39.611330124728696,94.34095975431526,17.457937815704614,43.270234215490014,38.79871478342387,87.4238507740956,16.574134491756283,42.17426577103086,0.06532663316582915,0.035175879396984924,0.15577889447236182,5.739146280873001,11.421718352661049,2.658716334345706,6.322280341541529,0.06532663316582915,0.05527638190954774,0.03015075376884422
4,16000,18000,0,30.53170664271575,94.34095975431526,16.944462699722553,34.89780994099952,30.55745617791427,87.4238507740956,14.765241033760477,33.921599777121585,0.06060606060606061,0.04040404040404041,0.15151515151515152,4.7404245865723125,10.642409243661048,2.3989897279437162,5.310165403768791,0.0707070707070707,0.04040404040404041,0.030303030303030304
4,17000,19000,0,23.632752966506267,81.52773374739996,14.993148709496399,27.967336311430106,24.188915476634907,77.10080120668627,13.794572404904905,27.828719472323506,0.06060606060606061,0.025252525252525252,0.18181818181818182,3.879269101176259,10.105987702696279,2.1433667356652046,4.429409011416398,0.06565656565656566,0.04040404040404041,0.030303030303030304
4,18000,20000,0,21.094761634720108,63.80425470340684,14.17251714855186,25.393796674385378,21.244957312905612,59.55584367170738,13.212172745026951,25.000738235668013,0.05527638190954774,0.05527638190954774,0.1708542713567839,3.5405816279050994,7.995042303613268,1.8154758728724325,3.976831797501138,0.02512562814070352,0.035175879396984924,0.02512562814070352
4,19000,21000,0,20.260560372713122,53.26644127193438,13.133497050553624,24.127092814290112,21.78887707692039,51.900418334428906,12.328304960688762,25.01963892546955,0.06030150753768844,0.04020100502512563,0.1507537688442211,3.680327969016645,7.098631460241448,1.7193611185004574,4.0603245685607785,0.04020100502512563,0.02512562814070352,0.02512562814070352
4,20000,22000,0,16.724966074308913,51.74549062143319,12.233597257627386,20.70346172057069,18.675036890221804,49.551153697931205,11.904843184225943,22.13075025160659,0.050505050505050504,0.050505050505050504,0.12121212121212122,3.2382995414771543,7.098631460241448,1.618744990729111,3.6185289484879353,0.045454545454545456,0.04040404040404041,0.025252525252525252
4,21000,23000,0,12.292539298627226,51.74549062143319,9.073197710793277,15.2648536222576,14.457485516876778,49.551153697931205,8.580987457329643,16.801256393519278,0.045454545454545456,0.04040404040404041,0.12121212121212122,2.5157014877587467,5.528409347755785,1.2578820487411726,2.8112399634957574,0.03535353535353535,0.03535353535353535,0.020202020202020204
4,22000,24000,0,11.035189357586773,29.779590380535023,5.039516398604157,12.12621730227269,10.858612558277532,28.254251909182457,4.412636408632096,11.71680289008884,0.04020100502512563,0.03015075376884422,0.09045226130653267,2.0612177924685025,4.374071412048771,0.7695622138335356,2.199518960805816,0.04020100502512563,0.05025125628140704,0.020100502512562814
4,23000,25000,0,10.564849199196953,17.140040108247977,3.1027677925773207,11.008863280854856,6.527051190135655,11.895323312251339,2.629964057945804,7.03452376710802,0.06030150753768844,0.06532663316582915,0.11557788944723618,1.5717655945269189,4.4087554662632416,0.8565299599433391,1.7889724532696678,0.05025125628140704,0.07537688442211055,0.020100502512562814
4,24000,26000,0,10.578203012561758,15.300969238555872,2.517271904765911,10.872136566852067,4.036756290835177,11.895323312251339,1.4845501046221936,4.299798939446526,0.07035175879396985,0.05025125628140704,0.09547738693467336,1.4155878184546242,4.952264026288087,0.929520085214637,1.692210513686303,0.04522613065326633,0.07537688442211055,0.01507537688442211
4,25000,27000,0,10.527556321672257,16.757057707461016,2.32321329666528,10.779593680497378,3.528702739194885,10.888913330736258,1.5952085610453517,3.870871476311782,0.10101010101010101,0.0707070707070707,0.13131313131313133,2.5489511789198236,7.486135774557555,1.6578930559067462,3.038412314002025,0.04040404040404041,0.05555555555555555,0.020202020202020204
5,0,2000,0,9.670144588041888,13.995103683248317,1.3581951976545816,9.764585025923669,1.8860909913612154,6.552177676619676,1.0801666461628985,2.172156856964828,0.19597989949748743,0.1708542713567839,0.1708542713567839,1.3580330205085633,3.58866646191401,0.8271462130225771,1.589026018736199,0.07035175879396985,0.10552763819095477,0.07537688442211055
5,1000,3000,0,9.563693549225025,13.785780525702174,1.5333060881480594,9.685221046813567,2.1301681236272305,6.552177676619676,1.1182483561692478,2.404546365546401,0.1507537688442211,0.1708542713567839,0.1658291457286432,1.3540854888109681,2.7186408488696476,0.6336798192512418,1.494352660441334,0.06030150753768844,0.10050251256281408,0.08040201005025126
5,2000,4000,0,10.293956934426221,14.926891153909427,1.607221570429613,10.418051388738379,2.150439780098345,5.277637112716268,1.0913609811021492,2.4102914128682245,0.1306532663316583,0.12060301507537688,0.16080402010050251,1.2704841541740606,2.5838812198259555,0.601821252178898,1.405171826320071,0.035175879396984924,0.05527638190954774,0.09547738693467336
5,3000,5000,0,17.503754652519646,53.358167860747415,10.371679061330171,20.332550062569176,11.793970920237385,52.744328579213764,13.202662475899968,17.678577866502433,0.0707070707070707,0.025252525252525252,0.09595959595959595,2.616418637481161,9.580468533769638,2.462158943076838,3.588510790979229,0.05555555555555555,0.10101010101010101,0.08080808080808081
5,4000,6000,1,44.271819170226486,100.53908703086898,24.65560132584117,50.6442285177715,42.73409452614975,103.55596945154832,25.596304594329826,49.78033073647734,0.05555555555555555,0.030303030303030304,0.12121212121212122,6.448295549869179,16.49663584956555,3.945000165238096,7.554160154501688,0.08080808080808081,0.1414141414141414,0.03535353535353535
5,5000,7000,1,62.929355292481105,100.53908703086898,18.859092595079797,65.68097749097194,62.79401113347249,105.66859438212319,18.22538572413173,65.37271369310045,0.07537688442211055,0.04522613065326633,0.135678391959799,8.297134612745705,16.49663584956555,3.5930032897735797,9.038117451059428,0.09045226130653267,0.08040201005025126,0.035175879396984924
5,6000,8000,1,67.15384280066212,105.4247015265241,19.52073764226724,69.91990063639805,66.78614278695431,114.38174963046144,19.436879824482066,69.54345550937379,0.07537688442211055,0.035175879396984924,0.1658291457286432,8.516678334421936,15.058935896658392,3.457726202684577,9.188574480967102,0.11055276381909548,0.06532663316582915,0.04020100502512563
5,7000,9000,1,70.36041711113242,105.4247015265241,17.358538119545063,72.45959547669811,69.318841853639,114.38174963046144,17.258953667658602,71.42462093715027,0.0707070707070707,0.04040404040404041,0.19696969696969696,8.798909467231846,15.058935896658392,3.7796978306980145,9.572624194955013,0.12121212121212122,0.05555555555555555,0.03535353535353535
5,8000,10000,1,63.25450225435539,93.66974370698743,18.754152505245592,65.96273844613864,62.568919318483054,103.06999880466498,18.02147082982418,65.1000080519407,0.07575757575757576,0.045454545454545456,0.17676767676767677,7.889597757768694,14.686992804206117,3.7226509402865284,8.719761691598412,0.10606060606060606,0.045454545454545456,0.05555555555555555
5,9000,11000,1,61.40867930052147,99.21463903042546,19.77643196175147,64.49943889884928,61.17586530900939,103.06999880466498,19.67819589124477,64.24781500465669,0.07537688442211055,0.035175879396984924,0.16080402010050251,7.72496431816449,14.0109692742163,3.3516028899608195,8.417371884338264,0.09547738693467336,0.035175879396984924,0.06030150753768844
5,10000,12000,1,66.07946718426496,104.62133500362484,18.365043818583718,68.57174668653671,65.60729439574555,100.37711914519586,18.516154325940338,68.15754403656982,0.09547738693467336,0.04020100502512563,0.19597989949748743,8.428301638128678,14.81999863838765,3.503454195942499,9.124093864589202,0.09547738693467336,0.07537688442211055,0.035175879396984924
5,11000,13000,1,62.316946388655836,104.62133500362484,18.117321855083066,64.88443360684937,62.19753253004269,99.63764868091553,17.421392261048453,64.57950766958514,0.08585858585858586,0.03535353535353535,0.18686868686868688,7.939851767556582,14.81999863838765,3.54735604284011,8.692625963236233,0.10101010101010101,0.0707070707070707,0.03535353535353535
5,12000,14000,1,56.56034671624653,91.85684273773552,18.86616772963028,59.60886260463555,55.688631506697746,86.26023751626303,18.636456184097053,58.70941887060968,0.06565656565656566,0.03535353535353535,0.16161616161616163,7.336445541987494,13.875307052103695,3.352962608543462,8.062834314448883,0.10606060606060606,0.05555555555555555,0.03535353535353535
5,13000,15000,1,54.05561343264815,94.63214058010745,19.093430736681167,57.31270055921156,52.93531310038079,86.38954275138215,19.269095748834186,56.316861895512226,0.06532663316582915,0.035175879396984924,0.1457286432160804,7.209590811545277,13.875307052103695,3.209138176149635,7.888299858928475,0.11055276381909548,0.035175879396984924,0.035175879396984924
5,14000,16000,1,51.33616768713105,94.63214058010745,17.697893821135125,54.286752355219136,51.181733319169616,86.38954275138215,17.183911954659287,53.97573734067699,0.07035175879396985,0.035175879396984924,0.16080402010050251,6.9760182890540685,12.920921694042738,2.910717419570275,7.556106516343172,0.05527638190954774,0.04522613065326633,0.035175879396984924
5,15000,17000,1,47.62067632692556,89.10440702237527,17.377233493803534,50.67728501520661,47.23055380855795,81.9171090272134,16.16332994935026,49.90663464850533,0.07035175879396985,0.035175879396984924,0.1457286432160804,6.598219312078284,12.920921694042738,2.80489591518228,7.16691021150775,0.05025125628140704,0.03015075376884422,0.03015075376884422
5,16000,18000,1,40.462400897740345,87.52971555741577,17.940332672854893,44.24301140652133,40.02257282167994,79.2044168819471,16.724006241917024,43.36004186662648,0.06565656565656566,0.030303030303030304,0.14646464646464646,5.796720289549769,11.049801695301404,2.760742798631549,6.417582637680082,0.09090909090909091,0.030303030303030304,0.030303030303030304
5,17000,19000,0,34.0397506799698,84.73969714314651,16.635442665151142,37.86887819888274,33.55840962008825,78.07294083685517,15.642215499952844,37.00832635687085,0.06060606060606061,0.030303030303030304,0.13636363636363635,5.110018084950823,11.029360801714448,2.6278604463459327,5.743103132676568,0.06060606060606061,0.04040404040404041,0.03535353535353535
5,18000,20000,0,29.54541787419448,73.00589565645042,15.10589830798256,33.16593041410757,29.00294782068348,67.30012589345414,13.972776219402373,32.17814887762187,0.06030150753768844,0.03015075376884422,0.1507537688442211,4.688270642755445,9.9844447803805,2.291211114774907,5.21567653812315,0.06030150753768844,0.04020100502512563,0.03015075376884422
5,19000,21000,0,26.664941841946526,72.68999453514735,14.221288591071636,30.20352541308683,26.194404053956088,67.30012589345414,12.63076016556149,29.066909460588448,0.06030150753768844,0.03015075376884422,0.19597989949748743,4.406817728949162,9.417850798341993,1.9793198089315076,4.828888160609973,0.05527638190954774,0.04020100502512563,0.02512562814070352
5,20000,22000,0,25.836702976971285,67.87775083588551,13.710421777542015,29.23296571860403,25.698627471565263,61.557851596917516,12.07904950077918,28.382912247774236,0.06060606060606061,0.030303030303030304,0.14646464646464646,4.169230087188308,9.371779063472989,1.9780782507993155,4.612549274205528,0.050505050505050504,0.04040404040404041,0.030303030303030304
5,21000,23000,0,24.314006170204692,67.87775083588551,14.191373814204155,28.1345686149157,23.888593877604894,61.557851596917516,13.309438937572835,27.32976263480752,0.05555555555555555,0.025252525252525252,0.13636363636363635,3.723520079174882,9.371779063472989,2.0807890854989886,4.262924793642043,0.06060606060606061,0.04040404040404041,0.030303030303030304
5,22000,24000,0,20.495375089244217,61.86185522122122,13.468098016936061,24.50598122748078,20.866118263027598,56.39010186108304,12.673748900603199,24.397042505316435,0.05025125628140704,0.02512562814070352,0.135678391959799,3.3356810901346057,7.387569157320951,1.937808470827547,3.8552684078212414,0.06030150753768844,0.05025125628140704,0.03015075376884422
5,23000,25000,0,18.42829531563826,53.63100145097712,11.992361578088927,21.9704283248848,19.836752918993284,50.88897262610266,11.410117261420261,22.869993187776693,0.05527638190954774,0.03015075376884422,0.1407035175879397,3.2850887900924564,7.387569157320951,1.7857195851321894,3.7369317391855277,0.04522613065326633,0.04522613065326633,0.02512562814070352
5,24000,26000,0,15.875500783535012,46.353924994918394,11.382835486126194,19.518007688125174,17.34611612237423,45.82652970163189,10.870825307764687,20.456581170578545,0.05025125628140704,0.05527638190954774,0.135678391959799,2.9238931892477753,6.982938061690524,1.5577077914815511,3.3111135102792306,0.06030150753768844,0.06532663316582915,0.02512562814070352
5,25000,27000,0,11.831925765114887,42.97856446353573,7.791478998536131,14.15614888540473,13.184236624634874,41.60167136626918,7.513080222041347,15.165316339412923,0.050505050505050504,0.06060606060606061,0.10101010101010101,2.3386668849678927,5.500513391957305,1.1293952807531584,2.5958595458819724,0.04040404040404041,0.06060606060606061,0.030303030303030304
5,26000,28000,0,10.670151718389183,26.68825926471778,4.23424551802547,11.475664606095107,9.237865252691623,23.935766428655835,3.834926190533189,9.998545419472178,0.045454545454545456,0.0707070707070707,0.08585858585858586,1.8143596393190966,3.4586714885770022,0.7539687755972423,1.9640552913943876,0.06060606060606061,0.08585858585858586,0.025252525252525252
5,27000,29000,0,10.716958018302957,19.21928587787017,3.24390582851856,11.194797879606549,5.618299531690005,12.91477649266866,2.405684671975508,6.109310253626112,0.05527638190954774,0.06030150753768844,0.12060301507537688,1.466659338792594,3.4586714885770022,0.639862189795098,1.5995205906418526,0.03015075376884422,0.08040201005025126,0.020100502512562814
5,28000,30000,0,10.272949699077222,15.91340240158795,2.666471166264612,10.611692308858597,3.92552523165091,8.40391800123383,1.134737868978713,4.085454714651211,0.05527638190954774,0.01507537688442211,0.11055276381909548,1.2668878206242897,2.679954606271753,0.5829558916063873,1.393966690329065,0.04020100502512563,0.06532663316582915,0.020100502512562814
5,29000,31000,0,10.150752191588767,14.836082687901612,2.57907992091075,10.47167598335296,3.702541616332892,6.576237285990831,0.8276463192334103,3.7934642013933737,0.030303030303030304,0.015151515151515152,0.06565656565656566,1.157222621719132,2.281310282080887,0.5699341450658544,1.289324179503159,0.05555555555555555,0.08585858585858586,0.015151515151515152
5,30000,32000,0,10.596143302771397,16.880551188504974,2.523442871498419,10.891006289819423,3.7247035760369585,13.20481527713479,1.239473049694071,3.9245369284436755,0.030303030303030304,0.020202020202020204,0.08585858585858586,1.1350075203466505,2.7960854807018007,0.5555720260617132,1.263072163703142,0.06565656565656566,0.06060606060606061,0.015151515151515152
5,31000,33000,0,10.31027594664754,16.936883074291142,2.5611956891386822,10.622086181032945,3.7136604433402103,13.20481527713479,1.4343497304133404,3.97974198181502,0.035175879396984924,0.01507537688442211,0.08040201005025126,1.1651667430889274,3.776236849183938,0.6711902369519372,1.3438219345244957,0.06532663316582915,0.07537688442211055,0.020100502512562814
5,32000,34000,0,9.857124952125906,16.936883074291142,2.642915441329081,10.203577281605149,3.581088414772403,7.379487377060648,1.2729637064527604,3.7995432158844227,0.07537688442211055,0.05527638190954774,0.08040201005025126,2.287669774680388,5.310163552303407,1.4569207149363843,2.710246829672329,0.04020100502512563,0.08040201005025126,0.01507537688442211
5,33000,35000,0,9.97506632327136,16.418119364498672,2.347618846480483,10.24624650081866,3.1086585658510257,6.901174211832568,1.2179546881583259,3.3376215126396094,0.07575757575757576,0.050505050505050504,0.1111111111111111,2.493641187150718,5.310163552303407,1.351112821075113,2.8345332648022206,0.06060606060606061,0.08080808080808081,0.015151515151515152
6,0,2000,0,9.378877687414054,13.21329671791603,1.520864377560698,9.500776382582572,1.7521895377460015,4.545954148515783,1.1030064091141962,2.068987239941514,0.09547738693467336,0.11557788944723618,0.12060301507537688,1.1776853391907434,4.232789392065331,1.0312469316946644,1.563680159464789,0.08040201005025126,0.02512562814070352,0.06030150753768844
6,1000,3000,0,9.84533590787874,12.842482292802524,1.3202406097627,9.933023670076235,1.7291038208997882,4.061508653783555,0.8560644087224106,1.928466246521336,0.04522613065326633,0.05527638190954774,0.06532663316582915,1.1312637061982111,3.320961751546512,0.7717604457212385,1.3683543720883338,0.03015075376884422,0.06030150753768844,0.02512562814070352
6,2000,4000,0,10.45913156137923,13.14849728323535,1.0883287495468235,10.515320736334857,1.976489675825408,4.3638883153017884,0.9727643769285147,2.2018289259160078,0.09547738693467336,0.03015075376884422,0.06030150753768844,0.9861737213631518,3.320961751546512,0.7019292243766307,1.2094543073473492,0.04522613065326633,0.04020100502512563,0.01507537688442211
6,3000,5000,0,10.075854997147802,13.14849728323535,1.2965362798188482,10.158514309704474,2.224274330397362,4.3638883153017884,0.9519863890936895,2.418495445654802,0.1111111111111111,0.05555555555555555,0.05555555555555555,0.8196917562155266,1.9240887985587318,0.4324834636664214,0.9262810654841672,0.06565656565656566,0.07575757575757576,0.03535353535353535
6,4000,6000,0,9.906953343504517,11.933470928050971,1.1248150217428996,9.970284627340458,2.0836532579817453,4.08515119201907,0.9150439619756133,2.2747986255400265,0.11616161616161616,0.08080808080808081,0.06565656565656566,0.8079561135610704,1.9184971968658395,0.4359146574203893,0.9175291753617986,0.06060606060606061,0.08080808080808081,0.07575757575757576
6,5000,7000,0,9.980299439351557,12.261030570989439,0.9068741026528544,10.021211774730295,1.6206337117118266,4.08515119201907,0.890538345064764,1.848119822643377,0.10050251256281408,0.09045226130653267,0.10050251256281408,0.7472133404993515,1.9184971968658395,0.45245563815938233,0.8729377413079943,0.07537688442211055,0.04522613065326633,0.06030150753768844
6,6000,8000,0,20.0744475820248,86.83452891527129,15.910325526981696,25.590158495134688,14.60728466825629,78.51247414777362,18.144615457155805,23.258411384208774,0.035175879396984924,0.01507537688442211,0.04522613065326633,2.5435111268115316,11.800887586814941,2.717031179456123,3.7168260640229205,0.07035175879396985,0.06532663316582915,0.035175879396984924
6,7000,9000,1,40.36361811161623,92.21754832027062,20.943409987680635,45.44935572809086,39.48479261074929,86.7709946258811,20.252601916300314,44.35262773214653,0.06060606060606061,0.030303030303030304,0.09595959595959595,6.083129709428772,13.878632533796091,3.603838404856701,7.065893696548073,0.0707070707070707,0.09090909090909091,0.03535353535353535
6,8000,10000,1,57.42402844117,97.15169806457317,20.009745160865958,60.7938889548967,57.79607812735569,106.84614471656894,18.275091590108214,60.60270070909085,0.08080808080808081,0.04040404040404041,0.14646464646464646,8.310252411017236,15.039609685803871,3.641911074731784,9.06957334032383,0.06565656565656566,0.07575757575757576,0.03535353535353535
6,9000,11000,1,63.87081687153906,97.15169806457317,18.050615418492672,66.36020525314154,63.68232754194218,106.84614471656894,17.958864850196147,66.1539648375914,0.07035175879396985,0.035175879396984924,0.1507537688442211,8.623892865867008,15.575409612899282,3.948849003002212,9.480873882096569,0.08040201005025126,0.11557788944723618,0.04020100502512563
6,10000,12000,1,63.41481165954218,94.58371799792057,17.914570613950243,65.88448617767317,62.529630628897074,100.56031876207616,17.71849688300805,64.97945915995687,0.07035175879396985,0.035175879396984924,0.1658291457286432,8.447373029798719,15.575409612899282,3.883107023601729,9.293074768908948,0.08542713567839195,0.11055276381909548,0.035175879396984924
6,11000,13000,1,60.92948165789999,94.51790014001097,17.953825490693635,63.50686409051151,60.41090877638693,100.56031876207616,17.798545307034207,62.965659002803825,0.0707070707070707,0.03535353535353535,0.17676767676767677,7.955116347772515,15.299066239336009,3.5457161745605763,8.705906207810626,0.08080808080808081,0.08080808080808081,0.03535353535353535
6,12000,14000,1,60.69604970567503,94.51790014001097,17.760387613897727,63.22860694193274,60.48501798250037,94.53113130824816,17.55390644446274,62.96847299597826,0.07575757575757576,0.03535353535353535,0.16161616161616163,7.7884223179147964,13.358242142818801,3.1639372869596643,8.403553851921732,0.07575757575757576,0.06060606060606061,0.03535353535353535
6,13000,15000,1,60.01188750938578,89.6310196195914,18.01101130228895,62.643444891941385,59.76468776153769,94.8573759229339,17.423521462920007,62.24049411678929,0.07537688442211055,0.04020100502512563,0.1507537688442211,7.788066389408109,13.141558649415975,3.0481400707825523,8.36054305577592,0.08040201005025126,0.06532663316582915,0.035175879396984924
6,14000,16000,1,56.87096201246767,100.71921530679197,17.776021836664736,59.57107803120097,56.53029157798999,94.8573759229339,17.444226670904147,59.147725271710335,0.07035175879396985,0.035175879396984924,0.15577889447236182,7.105842626337275,12.296015875654447,3.051249161835743,7.730237400664817,0.11055276381909548,0.06532663316582915,0.04020100502512563
6,15000,17000,1,54.88362132597606,100.71921530679197,19.50958708040334,58.23171608291083,53.909318511954694,91.07824609805427,18.918715758595173,57.11692253043863,0.07035175879396985,0.03015075376884422,0.18090452261306533,6.926459329869424,13.30164507985691,3.0994066161808846,7.585125484387118,0.12562814070351758,0.04522613065326633,0.035175879396984924
6,16000,18000,1,50.44188729402755,97.58490342892078,20.294383405111947,54.352335122758916,50.14648961957866,88.44011657702136,19.044246992015584,53.62398003967179,0.0707070707070707,0.03535353535353535,0.1414141414141414,6.83824089499214,13.30164507985691,3.057085849916951,7.487345907849924,0.08585858585858586,0.06565656565656566,0.030303030303030304
6,17000,19000,1,44.63876404257961,92.60024474839516,18.315997613134247,48.23286447984614,44.919265715002744,83.741816192355,16.98263343282986,48.007301267817304,0.06565656565656566,0.03535353535353535,0.1414141414141414,6.175780540154758,11.686996619731277,2.801882985707548,6.778743508532184,0.05555555555555555,0.04040404040404041,0.03535353535353535
6,18000,20000,1,38.850511172031915,92.12279813564132,18.149790727318624,42.86175506505083,38.77074147940647,84.51215082474694,16.553073711578055,42.1402969011539,0.06030150753768844,0.03015075376884422,0.135678391959799,5.56527126697538,10.397878308806249,2.5847771276393168,6.133507292780474,0.05025125628140704,0.04020100502512563,0.035175879396984924
6,19000,21000,1,34.218745621355076,92.12279813564132,17.423769060062494,38.379582352028095,34.25069112981071,84.51215082474694,15.640262657986714,37.63647924288952,0.06030150753768844,0.03015075376884422,0.1306532663316583,5.112367304895714,10.272037315286312,2.3483560011434106,5.623477704119792,0.04020100502512563,0.035175879396984924,0.03015075376884422
6,20000,22000,0,28.89181318948121,87.30652264469154,16.097179022494238,33.05380364593046,28.750358589694933,80.88302038092151,14.26513627363808,32.078881658492605,0.06060606060606061,0.030303030303030304,0.15656565656565657,4.523088304365403,9.920793397795372,2.112834996214721,4.98998667424118,0.04040404040404041,0.04040404040404041,0.025252525252525252
6,21000,23000,0,24.66217641304096,66.58913976486714,14.556840399867314,28.619219340893313,24.030782892477827,59.51168041135645,12.768471981738829,27.197300186995598,0.06060606060606061,0.030303030303030304,0.15656565656565657,4.052266435997813,7.733568950355384,1.9274496029695694,4.485226481146344,0.05555555555555555,0.025252525252525252,0.025252525252525252
6,22000,24000,0,24.038937240934764,63.35368776257718,13.573026769624786,27.589425946983862,24.13320467745245,57.919599268033465,11.668585121923849,26.793407162166922,0.05527638190954774,0.03015075376884422,0.1407035175879397,4.024787625540538,7.733568950355384,1.8512553123492483,4.428196690645985,0.07035175879396985,0.04020100502512563,0.03015075376884422
6,23000,25000,0,21.986031200330643,61.05771287478053,13.847346152062379,25.96489588694078,22.021770841363427,56.014321446907275,12.435168249219712,25.274861687633315,0.05527638190954774,0.02512562814070352,0.1457286432160804,3.8136326996318712,7.355061390019608,1.817565245260653,4.222655571009432,0.06030150753768844,0.03015075376884422,0.03015075376884422
6,24000,26000,0,19.96541930621678,56.816486815561944,13.020553042471459,23.818077922637404,19.90680026848326,52.786516428954975,11.69787104725129,23.074515050950918,0.050505050505050504,0.05555555555555555,0.13131313131313133,3.6325204720086703,7.355061390019608,1.7663160055944427,4.037251473623307,0.03535353535353535,0.045454545454545456,0.025252525252525252
6,25000,27000,0,17.307686238950758,49.41667992659159,11.723531483121894,20.88795188938578,18.466448796140003,42.85042458216198,10.468347875492357,21.214272399065898,0.050505050505050504,0.025252525252525252,0.13636363636363635,3.1145398946693343,6.703188165681696,1.6307486685871937,3.513735398670008,0.045454545454545456,0.04040404040404041,0.025252525252525252
6,26000,28000,0,13.093051568398288,41.6341914023927,8.076082089884974,15.372865243203197,12.61375793886181,42.77101860513041,8.434888440068214,15.162404018545798,0.04020100502512563,0.020100502512562814,0.07537688442211055,2.329848113789308,6.703188165681696,1.2682484919770658,2.651151485589363,0.05527638190954774,0.035175879396984924,0.02512562814070352
6,27000,29000,0,11.12647175427724,21.726871996010747,4.24443644780218,11.904769559061767,7.44509189006286,22.8952855830853,4.128367764135469,8.508090064488792,0.035175879396984924,0.05025125628140704,0.08040201005025126,1.9167096162758657,5.1070490637297015,0.9249707693842555,2.1272209153537864,0.05527638190954774,0.05025125628140704,0.01507537688442211
6,28000,30000,0,11.032946962849055,16.860146645213888,3.3950070325426314,11.540986139507277,5.619437224433332,11.979034478616676,2.2993771065582633,6.069495376233547,0.035175879396984924,0.04020100502512563,0.06532663316582915,1.7657340566404287,4.229876671461302,0.7068096817572491,1.9012887169955333,0.05527638190954774,0.11055276381909548,0.01507537688442211
6,29000,31000,0,10.869094008164298,16.860146645213888,3.0183695645483968,11.278385420970121,4.959836343869368,9.422295752153747,1.7094473300625843,5.244759504399423,0.03535353535353535,0.020202020202020204,0.050505050505050504,1.559813407955797,4.229876671461302,0.7284590577927675,1.720756772627884,0.06060606060606061,0.06060606060606061,0.020202020202020204
6,30000,32000,0,10.160903400502622,16.15451243070907,3.105329049470453,10.622550013492523,4.575371626871204,6.954041558572184,1.379181877825715,4.77772013310861,0.03535353535353535,0.015151515151515152,0.07575757575757576,1.4336304968826008,3.242684265392524,0.657773028740563,1.5766380564843718,0.045454545454545456,0.07575757575757576,0.020202020202020204
6,31000,33000,0,10.071164901707867,16.15451243070907,3.0055971537736372,10.507940267098531,4.510686557899037,6.954041558572184,1.2264220033189415,4.673637084668084,0.035175879396984924,0.01507537688442211,0.07035175879396985,1.5411991261985247,3.2431095796551523,0.645257997186667,1.670200838256818,0.06030150753768844,0.08542713567839195,0.01507537688442211
6,32000,34000,0,10.35430509448976,15.544228776480653,2.5647449561716824,10.665676776301336,3.835398118110106,6.365035694996743,1.2773573137536676,4.041504945297918,0.05025125628140704,0.020100502512562814,0.07035175879396985,1.355644041405531,3.2431095796551523,0.5629266720841181,1.467335262627905,0.05025125628140704,0.09547738693467336,0.020100502512562814
6,33000,35000,0,10.391991276080823,15.752046819057721,2.7285879328474363,10.74249792942758,3.6486046026896943,6.999819991691331,1.3074524119630317,3.874681567138215,0.0707070707070707,0.015151515151515152,0.06565656565656566,1.7967819368543287,6.227665661695766,1.5465521254377363,2.3681700935218393,0.04040404040404041,0.030303030303030304,0.020202020202020204
7,0,2000,0,9.579058889647197,13.726479423738793,0.9967980571907658,9.630523484283191,1.5579032199647436,5.926524602163956,0.8257289867089705,1.7622328248857093,0.16666666666666666,0.10101010101010101,0.1717171717171717,0.908699355729469,2.5570896840386084,0.49180528449848265,1.0326652869030128,0.06030150753768844,0.11055276381909548,0.10552763819095477
7,1000,3000,0,9.95249728240864,15.73443280747065,1.2817415232402567,10.034283690532556,1.7279399931847876,6.52927975602877,0.964513961437559,1.9777290931637672,0.1507537688442211,0.11055276381909548,0.20100502512562815,0.9349866450406147,4.075518267317163,0.6594286415595475,1.1431849933614546,0.03015075376884422,0.09045226130653267,0.10050251256281408
7,2000,4000,0,10.086284520919177,15.73443280747065,1.179540294126332,10.154678437344733,1.4469288924469046,6.52927975602877,1.0480793303740528,1.7850997594367557,0.1306532663316583,0.10552763819095477,0.09547738693467336,0.8269103724404703,4.075518267317163,0.6908865585884933,1.07643781971078,0.035175879396984924,0.04522613065326633,0.08542713567839195
7,3000,5000,0,9.90284284271457,11.580570166615614,0.5637851872424751,9.918797953880079,0.9136507167065551,2.4842973682853264,0.49383930020589467,1.0379833200610227,0.20707070707070707,0.06060606060606061,0.12121212121212122,0.47801187669903494,1.2057978559166835,0.2562363877799109,0.5420539692504608,0.10606060606060606,0.06565656565656566,0.11616161616161616
7,4000,6000,0,13.337469507503053,39.02984511418248,6.541656111875139,14.848108162945254,5.8513388579018715,48.03204564645257,9.29671527167268,10.965070228573856,0.09595959595959595,0.06060606060606061,0.1111111111111111,1.112646848414599,6.428176303534479,1.3247275007187689,1.7274453255176436,0.09090909090909091,0.05555555555555555,0.06565656565656566
7,5000,7000,1,29.24452286585249,91.20765017544278,19.715703327643844,35.24212721398238,25.78547830340864,81.41532514654497,20.904149597636067,33.16156577099314,0.04522613065326633,0.03015075376884422,0.09045226130653267,3.856818825427,14.767436597613896,3.3289518652466423,5.089357756209673,0.09045226130653267,0.08542713567839195,0.04522613065326633
7,6000,8000,1,48.88535445380493,94.89696516097153,20.646340985149294,53.04637517464154,48.50504231323521,104.30125891228286,19.448634155982997,52.240762374694924,0.07537688442211055,0.03015075376884422,0.20603015075376885,6.772663607214835,15.2383802377173,3.1948295438984413,7.484976517797887,0.09045226130653267,0.06030150753768844,0.035175879396984924
7,7000,9000,1,60.658321853128164,109.88242191998879,20.35958105092471,63.96766036847102,60.28503567580045,119.38541562477717,20.382897008962793,63.621224962288224,0.07575757575757576,0.03535353535353535,0.20202020202020202,8.348698743778451,15.691856489961037,3.0258446932140184,8.877527701880817,0.10606060606060606,0.045454545454545456,0.03535353535353535
7,8000,10000,1,68.2174398085982,109.88242191998879,18.73492400847937,70.73084663515354,67.58595615728025,119.38541562477717,19.02669790922094,70.20012486453129,0.08585858585858586,0.04040404040404041,0.19696969696969696,9.203270847982688,15.691856489961037,3.0055813556799698,9.67927264920586,0.08585858585858586,0.045454545454545456,0.03535353535353535
7,9000,11000,1,69.08281379566421,118.42660747076972,19.162987723205653,71.67858229564634,68.85310374623714,127.31551820828443,19.334386647205832,71.50314195878828,0.08542713567839195,0.035175879396984924,0.1658291457286432,9.042338459264844,15.246970092021341,3.0876894674207636,9.552488781876956,0.10050251256281408,0.09547738693467336,0.04020100502512563
7,10000,12000,1,66.21901539171705,118.42660747076972,19.122841594646538,68.91162931428289,65.40981299126935,127.31551820828443,19.337801733004163,68.19475389308538,0.10552763819095477,0.035175879396984924,0.15577889447236182,8.680271123765708,14.457657917773874,3.052537884722464,9.19883168571196,0.06532663316582915,0.11055276381909548,0.035175879396984924
7,11000,13000,1,64.36695408722323,111.75151062559235,17.12452023454541,66.59495270486903,62.86710547202622,121.07021117354017,17.430142079364195,65.22701705637901,0.09045226130653267,0.035175879396984924,0.1507537688442211,8.477720015817708,13.988910792990618,3.0350827181441575,9.002077823316329,0.06532663316582915,0.09045226130653267,0.035175879396984924
7,12000,14000,1,61.70416886301081,111.75151062559235,18.242758799362143,64.33141029604869,61.00944040960293,121.07021117354017,18.452963087275002,63.72560357490295,0.08080808080808081,0.03535353535353535,0.1717171717171717,8.04727142203047,13.680942148641314,3.05160550421109,8.603724660581763,0.12121212121212122,0.10101010101010101,0.04040404040404041
7,13000,15000,1,60.429079878044796,97.08435988254548,18.397198294111387,63.154016590493036,60.2333068106822,106.420182915735,17.919568057139717,62.829519702078834,0.08585858585858586,0.04040404040404041,0.16666666666666666,8.016116877653285,13.6935785103111,2.960132689196293,8.542627420513988,0.10606060606060606,0.11616161616161616,0.03535353535353535
7,14000,16000,1,63.004625343121305,108.65878426103085,18.708712168296195,65.7103389587077,62.865188148703375,117.41923236453036,18.103640048039164,65.40745336004068,0.08542713567839195,0.04020100502512563,0.135678391959799,8.576391779578051,15.042315145885159,3.132585845715995,9.127898146188434,0.07537688442211055,0.11557788944723618,0.035175879396984924
7,15000,17000,1,64.91172340515948,108.65878426103085,17.188555442200343,67.13792550732094,64.63628457210187,117.41923236453036,16.84593468757033,66.78484761685192,0.09045226130653267,0.035175879396984924,0.1708542713567839,8.450083223406377,15.042315145885159,3.26479780026595,9.055910591195797,0.08040201005025126,0.09547738693467336,0.04020100502512563
7,16000,18000,1,61.56245706653624,98.51264705190478,18.560950182358614,64.2861866296404,60.15341232619426,101.24452252744857,18.774809843258307,63.00123153631347,0.08080808080808081,0.030303030303030304,0.18686868686868688,7.882030129954422,14.65132275523933,3.1911479358170554,8.500508874595917,0.06565656565656566,0.05555555555555555,0.03535353535353535
7,17000,19000,1,59.06905856650853,105.55565556017493,20.078382651498416,62.37202332297668,58.07498867059183,114.6521744844773,20.68245193190017,61.630500242011124,0.08080808080808081,0.03535353535353535,0.17676767676767677,7.931551821154308,16.37438129837293,3.0785886683170745,8.505268708631815,0.08080808080808081,0.08080808080808081,0.03535353535353535
7,18000,20000,1,61.30590901306073,105.55565556017493,21.04037328792417,64.79890663793948,60.901837786974305,114.6521744844773,21.66705449429386,64.62312117220382,0.07537688442211055,0.035175879396984924,0.1507537688442211,8.327525557109322,16.37438129837293,3.1701715834433553,8.907716869851575,0.09547738693467336,0.09547738693467336,0.035175879396984924
7,19000,21000,1,59.236003776062205,104.709237958093,21.124003388834335,62.872064901140966,59.04080575367874,113.83495669195409,20.884556537621535,62.60831112805927,0.07537688442211055,0.035175879396984924,0.1306532663316583,8.116816606909941,14.993471988692825,3.238326794352568,8.73596236570967,0.08040201005025126,0.10552763819095477,0.035175879396984924
7,20000,22000,1,48.15627379286512,91.45752472333231,19.906656409812513,52.08954117848059,47.448222499631235,85.55605335821456,19.500317604832116,51.280550827096135,0.06532663316582915,0.03015075376884422,0.1457286432160804,6.792288466506898,14.985952188495535,3.0800180444797327,7.454814632892744,0.07537688442211055,0.09547738693467336,0.035175879396984924
7,21000,23000,0,38.49880275728527,85.76928376989949,16.159375838360585,41.736926733432725,37.88442347319743,78.61545774917181,14.791377101421372,40.65605683245458,0.06060606060606061,0.03535353535353535,0.13131313131313133,5.8697841039223695,11.523911220694334,2.5666040552410196,6.403805041315529,0.045454545454545456,0.06565656565656566,0.030303030303030304
7,22000,24000,0,32.452021799615316,72.84922920663047,14.696967844642366,35.609677774906146,32.01351759821822,64.40628519360543,13.154281447962697,34.59813443244436,0.06060606060606061,0.030303030303030304,0.1717171717171717,5.113436952636039,10.47450523465413,2.309107830561783,5.608245944817216,0.030303030303030304,0.06060606060606061,0.030303030303030304
7,23000,25000,0,26.532664986657846,69.23761013621044,12.611223124931994,29.363753936741542,26.067389906015094,61.103612152794014,10.08055346128536,27.93954700433815,0.06030150753768844,0.02512562814070352,0.15577889447236182,4.344234107222377,9.083651997619459,1.9341189073719722,4.753365318010881,0.05025125628140704,0.04522613065326633,0.03015075376884422
7,24000,26000,0,22.785359420609904,47.50318236229165,10.27718951173858,24.985298178434153,22.63566463559579,39.54873315144757,8.098196270434705,24.033855130117434,0.06532663316582915,0.03015075376884422,0.15577889447236182,4.19786637126054,7.633302932392144,1.7155405232544378,4.533259970645143,0.05527638190954774,0.05527638190954774,0.02512562814070352
7,25000,27000,0,20.473547755754595,44.80006515554338,9.811844580651842,22.692612705675728,19.116083535944536,36.78557015892699,8.116824175208293,20.759971457672915,0.050505050505050504,0.050505050505050504,0.1717171717171717,3.6474981468307743,6.393194979396313,1.550288604345316,3.961762250225287,0.05555555555555555,0.05555555555555555,0.025252525252525252
7,26000,28000,0,16.782270636633346,40.69866205243714,9.390949355569525,19.2195570199654,16.55527253096995,34.26280100225272,7.444615313678877,18.144443825520735,0.050505050505050504,0.03535353535353535,0.18181818181818182,2.9514633311515883,5.899213164891175,1.3377017817278827,3.239072345707948,0.06060606060606061,0.04040404040404041,0.030303030303030304
7,27000,29000,0,14.521134642627704,38.473865696795144,8.625555236724736,16.878730800489798,15.458208271570877,32.69792710860247,7.017582620291237,16.969279197146616,0.05025125628140704,0.02512562814070352,0.1658291457286432,2.7468232120244944,5.260546210053756,1.2136968233960161,3.001788206609942,0.06532663316582915,0.04522613065326633,0.02512562814070352
7,28000,30000,0,13.535285202800349,37.25214171538286,8.322509813185544,15.878343561712061,12.986873650610589,31.004706701929656,7.178265895437965,14.829994975596026,0.05025125628140704,0.035175879396984924,0.135678391959799,2.5799984017813653,5.260546210053756,1.2742414107215918,2.8761023052263215,0.08040201005025126,0.09045226130653267,0.03015075376884422
7,29000,31000,0,11.166218123096609,35.011921591778524,5.870183328597855,12.608377541236724,7.893642097163177,27.517705576817217,4.94606948413026,9.308644954194033,0.04020100502512563,0.03015075376884422,0.10050251256281408,1.9851998494929888,4.750703004557672,1.0158889075219744,2.2288760762974342,0.05025125628140704,0.10050251256281408,0.04020100502512563
7,30000,32000,0,10.360539359471357,18.88035098550816,3.3985691042353694,10.901055279549727,5.244923672776275,9.512738368889142,1.8915722505952082,5.573983295986091,0.04040404040404041,0.015151515151515152,0.09090909090909091,1.6688797388314047,4.059314115763906,0.6916425223669035,1.8058585479497489,0.030303030303030304,0.10606060606060606,0.020202020202020204
7,31000,33000,0,10.609437749385004,15.572472290830895,2.7691057985721472,10.963101015915159,4.363753353959605,7.50072661729056,1.463139733634897,4.601343666424542,0.03535353535353535,0.020202020202020204,0.0707070707070707,1.5962763290098578,4.059314115763906,0.7629224738282807,1.7683958668054551,0.045454545454545456,0.08585858585858586,0.015151515151515152
7,32000,34000,0,10.496199125752884,14.355046873032492,2.3686650411217833,10.758843678300329,3.623900010649551,7.50072661729056,1.2305365867277682,3.826133881218098,0.03015075376884422,0.020100502512562814,0.07537688442211055,1.2587498547480718,3.7010910482012633,0.6118528896416235,1.3989079081906295,0.05527638190954774,0.07537688442211055,0.01507537688442211
7,33000,35000,0,9.865642990003794,14.287939843395534,2.5564184084427186,10.189872929033054,3.5372723138399227,5.261553915956715,0.9759537530518458,3.6687898170532938,0.035175879396984924,0.02512562814070352,0.08040201005025126,1.0772983798698723,2.6031358592814255,0.510998387352606,1.191799292829053,0.05025125628140704,0.07537688442211055,0.01507537688442211
7,34000,36000,0,10.059636659354938,14.087298318418519,2.4701905853548762,10.35700095230142,3.4112544400816764,5.3001416364764316,0.9776644825500633,3.547912279135399,0.03535353535353535,0.03535353535353535,0.06565656565656566,1.0893234788215023,2.6031358592814255,0.5315277831138829,1.2114981297036065,0.05555555555555555,0.09090909090909091,0.015151515151515152
7,35000,37000,0,10.165973859229439,14.065859382966533,2.3360425706917867,10.429606742884566,3.1497943054394617,5.3001416364764316,0.8319393588354038,3.2572763557682465,0.030303030303030304,0.025252525252525252,0.06565656565656566,0.939552907493584,2.2527672641546936,0.4628871783059059,1.0468751117441368,0.045454545454545456,0.09595959595959595,0.020202020202020204
7,36000,38000,0,10.293632131232,14.099127026922464,2.334527613013993,10.553749643286837,3.107533735582927,5.2688836021419885,0.9380223760433615,3.245343196929136,0.04020100502512563,0.01507537688442211,0.07537688442211055,1.0573596242342223,2.861755027807205,0.6324997345772535,1.2312859170923016,0.05527638190954774,0.09547738693467336,0.01507537688442211
7,37000,39000,0,10.479002308845889,17.330184346912887,2.8964065065694133,10.869991452933098,3.389380698219055,7.715320976934912,1.57795774834678,3.7370312307699134,0.05025125628140704,0.06030150753768844,0.07537688442211055,1.9383411608184828,4.54624342313992,1.0908246209628356,2.22286196549704,0.04522613065326633,0.04522613065326633,0.020100502512562814
8,0,2000,0,9.86767651393877,13.113861340362758,1.3451700830261906,9.958485299424828,1.6127011109617717,4.274649350071272,0.8317899916737019,1.8136207129922803,0.18592964824120603,0.18592964824120603,0.11557788944723618,1.134987877342931,3.41871809295799,0.618544374541849,1.2918520191091518,0.05025125628140704,0.06030150753768844,0.09547738693467336
8,1000,3000,0,9.857695644093502,13.113861340362758,0.9776682784307302,9.90581624511353,1.097757394419365,4.274649350071272,0.6868721728802895,1.2940223560144641,0.23232323232323232,0.24242424242424243,0.1717171717171717,0.7994949710703123,1.7600598403561523,0.45990425938386986,0.9217627552288865,0.09045226130653267,0.06532663316582915,0.07537688442211055
8,2000,4000,0,9.47163887715584,11.772512752691126,1.0581611189627829,9.530270166588462,1.6536360354103365,8.14324084033158,1.8108258108540143,2.4489026961227984,0.11616161616161616,0.020202020202020204,0.12121212121212122,1.2535968202113639,6.784005401775985,1.456160593727001,1.918673146732866,0.03015075376884422,0.035175879396984924,0.01507537688442211
8,3000,5000,0,9.926872828994497,14.11641119045776,1.7334525064698276,10.076340479919025,2.2950086978479187,8.14324084033158,1.7085182196214508,2.8585843100111914,0.04020100502512563,0.05025125628140704,0.08040201005025126,1.3475641889077987,6.784005401775985,1.40700765233799,1.945675122889234,0.020202020202020204,0.04040404040404041,0.010101010101010102
8,4000,6000,0,10.269036881061707,14.11641119045776,1.4432597007822239,10.369460064809934,1.4779729356579585,4.43679563736536,0.9990794677029544,1.7825748181798977,0.06030150753768844,0.010050251256281407,0.09547738693467336,0.6703901356640529,1.4796213150105224,0.29576120178018067,0.732432967018305,0.03535353535353535,0.050505050505050504,0.030303030303030304
8,5000,7000,0,10.07079816211995,12.580552037296435,0.7295982077819609,10.09705968213128,0.8249369196438696,2.827087126520713,0.6537140104188859,1.0515300668720806,0.09090909090909091,0.04040404040404041,0.10606060606060606,0.5796385901536393,2.3046337078568504,0.44586217874505085,0.7306024994608257,0.04020100502512563,0.07537688442211055,0.035175879396984924
8,6000,8000,0,9.914684324225922,12.580552037296435,1.1842686781096339,9.984808954155957,1.334203154384405,4.327672472301818,1.0877034859265584,1.7196661623690963,0.1414141414141414,0.06565656565656566,0.09595959595959595,0.7074625065264132,2.3046337078568504,0.5297405690475206,0.8830204659479599,0.035175879396984924,0.07537688442211055,0.04020100502512563
8,7000,9000,0,9.745425489814746,12.150720380663753,1.1362033648041645,9.81110703607357,1.5090213097133676,4.327672472301818,0.9733166673683242,1.7943672760812215,0.07537688442211055,0.02512562814070352,0.07537688442211055,0.6238695089396793,1.888115903289479,0.4174249955806874,0.7500541280500491,0.045454545454545456,0.045454545454545456,0.03535353535353535
8,8000,10000,0,11.70434653838582,23.000309444280315,3.2109944626457287,12.134688331497022,4.218740318065944,30.23623398177307,5.970864217390515,7.298680242090142,0.09045226130653267,0.02512562814070352,0.10050251256281408,0.8746502737276745,5.127264974261987,0.9315535509070245,1.2761051506944059,0.06060606060606061,0.06565656565656566,0.020202020202020204
8,9000,11000,1,32.167972251149514,83.75175912537011,22.99186268226731,39.506300479150795,28.32749332930418,79.60641953622,24.94644487396332,37.70470432589112,0.045454545454545456,0.04040404040404041,0.08080808080808081,4.099623051695719,15.737831108865146,3.8862242806359926,5.642174636574326,0.05025125628140704,0.08040201005025126,0.02512562814070352
8,10000,12000,1,55.68985255347211,100.2245782383597,18.965669216748424,58.815378648948176,54.59707861630812,109.75638047274172,18.811144865543007,57.731464365613164,0.07575757575757576,0.03535353535353535,0.1717171717171717,7.3522113430958465,15.737831108865146,3.3126691742896273,8.060640161087981,0.10552763819095477,0.08542713567839195,0.035175879396984924
8,11000,13000,1,60.92201038660538,100.2245782383597,17.780247295472424,63.45114543855269,60.460942972493406,109.75638047274172,18.11776191144505,63.10418096544403,0.08542713567839195,0.035175879396984924,0.1658291457286432,7.912230234597507,14.138618703304752,2.788113878663448,8.386781169833434,0.09547738693467336,0.06030150753768844,0.04020100502512563
8,12000,14000,1,61.85156443093638,105.28859847926762,17.728804485287398,64.3300472445764,61.22509800341521,115.03429586279962,18.35774063057305,63.904884268590095,0.08542713567839195,0.04020100502512563,0.19597989949748743,8.141426887395927,13.936205947417944,2.920736027783837,8.647003115121354,0.09595959595959595,0.07575757575757576,0.03535353535353535
8,13000,15000,1,62.698375299606994,105.28859847926762,17.276355234711833,65.02358305380704,61.96956239118441,115.03429586279962,18.295149960644917,64.60081742886052,0.07537688442211055,0.04020100502512563,0.17587939698492464,8.211583915142771,13.936205947417944,2.95982746642429,8.726205705702515,0.08080808080808081,0.10101010101010101,0.03535353535353535
8,14000,16000,1,59.460969632170126,92.941183891769,16.45525937415396,61.6848586725878,58.72564289158571,102.14360797507774,17.50389719038738,61.26620536353028,0.08080808080808081,0.03535353535353535,0.1414141414141414,7.4650630186006195,13.583397814452917,2.963979007217088,8.029222351456339,0.06030150753768844,0.11055276381909548,0.04020100502512563
8,15000,17000,1,53.67605840716481,90.10588179371925,16.163260033397467,56.04513718483709,52.3352058326264,98.92885161501766,16.662930583494386,54.91112621940221,0.08585858585858586,0.03535353535353535,0.17676767676767677,6.996795785948577,12.532630533196217,2.7601381311697017,7.519004053788578,0.04522613065326633,0.09547738693467336,0.035175879396984924
8,16000,18000,1,52.682057387396874,85.52737884174361,16.847877466050292,55.29765719091964,51.68102695272917,94.3717037819178,16.047439698655555,54.10324635515226,0.08542713567839195,0.035175879396984924,0.1708542713567839,7.025764130372062,12.497451433694964,2.60481641550402,7.4908166679074455,0.06565656565656566,0.07575757575757576,0.03535353535353535
8,17000,19000,1,53.11934827704181,85.52737884174361,17.079693761449803,55.784608277441976,52.704747744381876,89.57253917434497,16.51758230232206,55.220076125330905,0.07035175879396985,0.035175879396984924,0.18592964824120603,6.926259196571536,12.497451433694964,2.735883747730282,7.4444954814245,0.05555555555555555,0.09595959595959595,0.03535353535353535
8,18000,20000,1,49.585015198442164,84.90420828924044,15.640144030787061,51.98132954171082,49.3888736810669,81.45450932906628,15.696396113747689,51.81119203237962,0.0707070707070707,0.04040404040404041,0.17676767676767677,6.791598314864888,12.230603006083392,2.6992852226291357,7.30585502730612,0.035175879396984924,0.06532663316582915,0.035175879396984924
8,19000,21000,1,46.68473142887754,84.90420828924044,15.430687196655308,49.15662460793186,45.576752270604636,76.11451885538396,15.028611747856372,47.978792689009886,0.06565656565656566,0.03535353535353535,0.15151515151515152,6.5679871416965305,11.519406950775252,2.7258280887891186,7.108547191182916,0.04522613065326633,0.05527638190954774,0.035175879396984924
8,20000,22000,1,44.52743910805965,82.90027069722228,15.154804535743748,47.02353233792604,43.46136446720997,75.10203330404794,14.254282163779733,45.72809681756159,0.06532663316582915,0.03015075376884422,0.15577889447236182,6.373820976927139,12.403482516088733,2.7093023250556607,6.9230792938473416,0.04040404040404041,0.050505050505050504,0.03535353535353535
8,21000,23000,1,41.38248678024636,72.66085863914549,12.56101915664033,43.23772101255433,41.44426464800157,68.12771330736214,11.444990971941104,42.98790471132162,0.07035175879396985,0.035175879396984924,0.1407035175879397,6.264187295614859,12.403482516088733,2.389828894955739,6.702434237754273,0.045454545454545456,0.03535353535353535,0.03535353535353535
8,22000,24000,1,41.59139240783276,88.21538920260492,14.02115123593418,43.87999135133645,40.692522901664596,80.09760526811469,12.403643713313746,42.5319003288413,0.06532663316582915,0.035175879396984924,0.17587939698492464,6.190034557096685,11.14133650756835,2.471648823017946,6.662959588865561,0.035175879396984924,0.035175879396984924,0.03015075376884422
8,23000,25000,1,42.01186669892398,88.21538920260492,14.780107588721942,44.52359798160419,41.11315279543016,80.09760526811469,13.547233434836023,43.27697560603178,0.08585858585858586,0.030303030303030304,0.1919191919191919,6.083935207057489,11.276844871133363,2.59248860416716,6.610723090600344,0.07035175879396985,0.03015075376884422,0.03015075376884422
8,24000,26000,1,40.41734822211411,76.71238940173541,14.26258756736778,42.84811808368396,40.482110954343874,70.81664667479167,12.778919929050968,42.44150674593327,0.09090909090909091,0.030303030303030304,0.16161616161616163,6.049910296926682,11.276844871133363,2.413940681042602,6.511481295710981,0.08542713567839195,0.035175879396984924,0.035175879396984924
8,25000,27000,1,35.705843794818186,76.71238940173541,14.898467288089053,38.67507966373883,35.45005685479798,68.82951492289915,12.769413050068223,37.66894146513073,0.06030150753768844,0.03015075376884422,0.1457286432160804,5.537686844114609,10.394524998662899,2.189727275597804,5.952880489498838,0.050505050505050504,0.04040404040404041,0.03535353535353535
8,26000,28000,1,28.955687378290627,75.91423889376185,13.515527056246302,31.94038127197896,28.579155377440593,68.28910075414076,11.041569500956978,30.62800675602532,0.06030150753768844,0.03015075376884422,0.15577889447236182,4.646736114247611,9.202323563474456,1.9805149986527513,5.049246025228099,0.050505050505050504,0.050505050505050504,0.030303030303030304
8,27000,29000,0,23.887473512741757,56.98051783838262,11.821075254890113,26.639200643080454,23.51615029922238,49.64775224327967,9.535565683276898,25.366896107582622,0.06060606060606061,0.030303030303030304,0.17676767676767677,4.120425978005011,8.118938484242232,1.721805423873856,4.4640453725641684,0.05527638190954774,0.04020100502512563,0.02512562814070352
8,28000,30000,0,21.803633012409293,48.377908796369404,10.399087179032968,24.1453101971223,20.802686651819343,44.11069582352775,8.749040860093311,22.55909652593188,0.06060606060606061,0.030303030303030304,0.18686868686868688,3.8875263807440557,7.455679563870323,1.6109516961633834,4.206548573535767,0.06532663316582915,0.02512562814070352,0.02512562814070352
8,29000,31000,0,20.176491402498897,46.861869246937424,9.372409542901098,22.2372133067922,20.086350093943864,43.363410196290836,8.103495649654725,21.651784421421986,0.05527638190954774,0.03015075376884422,0.17587939698492464,3.601518778494774,7.1949470383077125,1.5708725543353959,3.9276173298687382,0.06060606060606061,0.030303030303030304,0.030303030303030304
8,30000,32000,0,18.977470339451898,46.584956072838025,9.795578885991382,21.345209752258196,18.981686658298926,42.334439802254394,9.584705918110442,21.253509898198498,0.05025125628140704,0.02512562814070352,0.18592964824120603,3.340282644062753,6.180025246169822,1.4319520388069356,3.632859869400156,0.05555555555555555,0.05555555555555555,0.030303030303030304
8,31000,33000,0,18.11580410554679,46.584956072838025,10.100374554418247,20.728961302954566,17.240106421856453,42.334439802254394,10.240779188996068,20.039223039896584,0.05025125628140704,0.02512562814070352,0.18090452261306533,3.0230612540684025,6.180025246169822,1.402225494435026,3.330961498037309,0.05527638190954774,0.05527638190954774,0.02512562814070352
8,32000,34000,0,14.626901686449754,37.89430992125221,8.950622804598405,17.13643254550285,15.043586393728436,34.881214817296126,8.391079644073903,17.215280682865796,0.050505050505050504,0.03535353535353535,0.13131313131313133,2.5337854266496094,5.5397306565855144,1.3040726201461357,2.848187311242657,0.035175879396984924,0.035175879396984924,0.03015075376884422
8,33000,35000,0,11.614203535386732,34.32624895886731,6.366227162448209,13.23687687829318,11.230971937591427,31.954417188715436,6.287652989360774,12.863539347545524,0.045454545454545456,0.030303030303030304,0.07575757575757576,2.0047706720291543,4.783388766536186,0.9232362885028209,2.2061751665755485,0.03015075376884422,0.08542713567839195,0.03015075376884422
8,34000,36000,0,10.554436007408226,19.127714445577492,3.8437947980496694,11.229292234675405,6.910292584220349,19.677107215364053,3.788631916242858,7.876173356225783,0.04522613065326633,0.01507537688442211,0.10050251256281408,1.545710125437469,2.9169946162664817,0.6083130669691144,1.6605436030951837,0.050505050505050504,0.08585858585858586,0.020202020202020204
8,35000,37000,0,9.997053371171631,16.41360378540174,2.598357978538133,10.327573914998803,4.58119565950734,9.177241963165674,1.781229894260177,4.9136818890943665,0.035175879396984924,0.02512562814070352,0.07035175879396985,1.439407582747119,3.380319859601985,0.6812107219076994,1.5917318672361305,0.06565656565656566,0.08080808080808081,0.015151515151515152
8,36000,38000,0,10.100009613355782,15.231945862085954,2.378233547953334,10.37486226000252,3.9904498240225155,7.301555816782105,1.261936023893523,4.184276508749833,0.03535353535353535,0.03535353535353535,0.050505050505050504,1.5412701346456004,3.608782247332523,0.785437687015118,1.7289712045991998,0.05025125628140704,0.06532663316582915,0.01507537688442211
8,37000,39000,0,10.316398490239317,15.231945862085954,2.440771015220413,10.599787944101395,3.607263441162459,6.7637947552240805,1.2314741203866795,3.8106767505066705,0.030303030303030304,0.030303030303030304,0.06060606060606061,1.2386822081480242,3.608782247332523,0.7200483548700929,1.4318557531982181,0.05527638190954774,0.07537688442211055,0.020100502512562814
8,38000,40000,0,10.07640331662045,14.516442780572879,2.402751171828472,10.357521466400833,3.306149236973705,5.351885845534714,1.038313066823235,3.4645816965045007,0.03015075376884422,0.02512562814070352,0.07035175879396985,1.030625640679734,3.001782243548784,0.5610233292095304,1.1727551931429552,0.06565656565656566,0.07575757575757576,0.015151515151515152
8,39000,41000,0,10.441267380952105,14.516611097864008,2.2277104266628145,10.675108655038194,3.339183806288921,5.616157773379958,1.1023014845476995,3.515557098413287,0.035175879396984924,0.02512562814070352,0.06532663316582915,1.036636148121506,3.001782243548784,0.6296181745391305,1.2120402195455808,0.0707070707070707,0.09595959595959595,0.015151515151515152
8,40000,42000,0,10.33403812858081,14.516611097864008,2.245813874625977,10.574056878842674,3.443585717653208,5.616157773379958,1.0191677486256223,3.5905105322365753,0.03535353535353535,0.015151515151515152,0.05555555555555555,1.060966829500466,3.176535508807181,0.62786316151294,1.2320274762104009,0.06030150753768844,0.10552763819095477,0.03015075376884422
8,41000,43000,0,9.850304433496065,13.434370479055046,2.2460571371237728,10.101877027532,3.353846017458517,5.263127957251692,0.8482047602257519,3.458918774826813,0.030303030303030304,0.015151515151515152,0.05555555555555555,1.1154153081816305,3.176535508807181,0.5788973607346248,1.2560246228558214,0.05527638190954774,0.10050251256281408,0.02512562814070352
8,42000,44000,0,10.26417150694996,15.993606221872493,2.745962900048045,10.623362340204796,3.957790953204901,6.939856708660741,1.2581591650187534,4.152006610226993,0.04020100502512563,0.02512562814070352,0.04020100502512563,1.9354602779589385,5.253967244346045,1.3855577653375615,2.378272052780899,0.05025125628140704,0.02512562814070352,0.02512562814070352
8,43000,45000,0,10.237813856058818,15.993606221872493,2.6289171081926233,10.568324450320828,3.6893836862666234,6.939856708660741,1.6044203545559517,4.021547691527874,0.12060301507537688,0.06030150753768844,0.08542713567839195,2.336402112447935,5.253967244346045,1.2562211237588214,2.651214105788075,0.03535353535353535,0.045454545454545456,0.015151515151515152
9,0,2000,0,9.456758673086048,12.931878955763391,1.211590140885401,9.533669735938455,1.8271151792777385,5.502289946477976,0.8778075562925359,2.026090633141068,0.16080402010050251,0.09045226130653267,0.12562814070351758,1.3269636447558326,3.6107149761183033,0.7756183865707482,1.536036613067007,0.05025125628140704,0.09045226130653267,0.07035175879396985
9,1000,3000,0,10.024782364968601,12.851945958827693,1.270721822856811,10.104599039363936,1.6825926004794047,5.502289946477976,0.9633588711516268,1.9376629924322364,0.11055276381909548,0.07537688442211055,0.12060301507537688,1.0532957991010228,3.6107149761183033,0.8272104463453082,1.3380163591428735,0.03015075376884422,0.03015075376884422,0.06030150753768844
9,2000,4000,0,10.234602219494926,12.626567821766796,0.8520179720939749,10.269828992877034,1.0411024165185534,3.535351305263398,0.689562741312126,1.2478034829313613,0.07537688442211055,0.05527638190954774,0.08542713567839195,0.48590957644639354,1.5866121301314364,0.3508562661235299,0.598826131162517,0.04522613065326633,0.06532663316582915,0.06532663316582915
9,3000,5000,0,9.786617962369037,11.140902986014726,0.622277507759211,9.806282402733704,0.8279684389103685,2.814296284437631,0.46748509522160503,0.9502504130500724,0.16161616161616163,0.10101010101010101,0.07575757575757576,0.4775346548637941,1.1917280324607278,0.26465249782310263,0.5456448722879575,0.025252525252525252,0.045454545454545456,0.06565656565656566
9,4000,6000,0,11.837312657121329,32.62265409906705,4.501024913029634,12.660149724946352,3.405184684543612,28.071152193904307,5.415826091877179,6.385848586358249,0.050505050505050504,0.010101010101010102,0.09090909090909091,0.9826236852317993,5.942423004641187,1.1864780526951555,1.5382475273353806,0.05555555555555555,0.0707070707070707,0.005050505050505051
9,5000,7000,1,29.17568247487642,90.51470025037752,20.831464433199237,35.818997874791215,25.275889799516502,81.68052933053586,23.531743581025513,34.494127708069705,0.04020100502512563,0.035175879396984924,0.08542713567839195,3.8462104006515982,14.586001451790889,3.5621537141130455,5.2362991543298065,0.06532663316582915,0.06030150753768844,0.035175879396984924
9,6000,8000,1,53.69274311578083,101.40948910790786,21.62845386644047,57.86503028485088,53.43465328347222,110.83767582886804,20.55172905010905,57.23219260730135,0.07035175879396985,0.035175879396984924,0.135678391959799,7.58961533965417,15.68616232713433,3.7798110647884697,8.47453820753578,0.09547738693467336,0.07035175879396985,0.035175879396984924
9,7000,9000,1,60.105521389403826,101.40948910790786,20.026608921906504,63.338166724865275,59.49109966509921,110.83767582886804,19.716814125928796,62.657722326825315,0.07575757575757576,0.04040404040404041,0.13636363636363635,8.410430707977996,15.68616232713433,3.8038046730626998,9.226676893313448,0.06060606060606061,0.06565656565656566,0.03535353535353535
9,8000,10000,1,61.41516013795303,95.82172497873735,19.87383622393821,64.53531196439381,61.25408639790211,103.67364705627212,19.73470046745284,64.3394468858883,0.07575757575757576,0.03535353535353535,0.13636363636363635,8.342972120805307,15.207164406845322,3.812055724135074,9.168638322477653,0.04040404040404041,0.050505050505050504,0.04040404040404041
9,9000,11000,1,62.91092339208413,95.82172497873735,18.64316669399716,65.60193677097456,62.51834297713012,103.67364705627212,18.59824328948988,65.21279313749606,0.07537688442211055,0.035175879396984924,0.15577889447236182,8.292907130403142,14.868552659466184,3.4544721855402303,8.980312904557337,0.09045226130653267,0.06532663316582915,0.04020100502512563
9,10000,12000,1,59.15381848018858,94.41534793393672,17.955957967743192,61.80597531949289,58.1655867210004,100.03505011672567,17.036639067835956,60.59728800839435,0.07035175879396985,0.035175879396984924,0.1407035175879397,7.91292348689327,13.342096287074089,2.9279824944386426,8.434724310238455,0.08542713567839195,0.05527638190954774,0.035175879396984924
9,11000,13000,1,56.92467268523997,98.13165927914633,18.583461141713705,59.866824395379965,56.316889823999574,88.71515898962332,16.948796994169857,58.799808591528084,0.07537688442211055,0.035175879396984924,0.1306532663316583,7.902349984166813,12.913269766559452,2.963537733098327,8.437166490492013,0.10552763819095477,0.035175879396984924,0.035175879396984924
9,12000,14000,1,55.369500618398014,98.13165927914633,19.381221198472907,58.64746999842276,55.31703283590787,88.71515898962332,18.195089816874578,58.21831147176007,0.07575757575757576,0.03535353535353535,0.14646464646464646,7.742943240880825,12.913269766559452,3.2364078609507714,8.388973180338967,0.08585858585858586,0.03535353535353535,0.03535353535353535
9,13000,15000,1,55.768803998571684,95.7874173777337,18.260498397994574,58.66796139402095,55.934262093136155,86.18460293550814,16.718845680718776,58.36742974197411,0.0707070707070707,0.04040404040404041,0.15151515151515152,7.682347941477956,12.710932688034237,3.209996486170979,8.322906226285163,0.06565656565656566,0.045454545454545456,0.03535353535353535
9,14000,16000,1,50.30576871118254,95.7874173777337,17.81200976789035,53.35121103718786,49.95904888362107,86.18460293550814,15.781769691082303,52.38058322189141,0.07035175879396985,0.035175879396984924,0.1457286432160804,7.0302278771146485,12.128887209592444,2.9109475431760194,7.606270539843217,0.06532663316582915,0.04522613065326633,0.035175879396984924
9,15000,17000,1,41.86919553038761,92.04374921041882,16.75558395894207,45.08187418683878,41.48082723103994,83.1647950853477,14.557842251177384,43.94917684014683,0.06532663316582915,0.03015075376884422,0.135678391959799,6.161692640400369,11.045935770574733,2.560739360647924,6.670161567576138,0.05025125628140704,0.04020100502512563,0.035175879396984924
9,16000,18000,1,36.749208822284686,79.13693145197959,15.921673638723023,40.034112613190544,36.65450278222631,71.1017181352279,13.957600530008667,39.20954244651737,0.06060606060606061,0.030303030303030304,0.12626262626262627,5.607196842863151,9.992615993621989,2.4165167721658247,6.103348691970454,0.04040404040404041,0.03535353535353535,0.03535353535353535
9,17000,19000,0,31.510423553518102,73.62888722551327,15.352537354756446,35.034593926781426,31.355141402632476,66.16145561646077,12.607224911674743,33.78295884365606,0.06060606060606061,0.030303030303030304,0.13636363636363635,5.101026121016485,9.512335211623625,2.192895704721727,5.55023371375582,0.050505050505050504,0.030303030303030304,0.025252525252525252
9,18000,20000,0,27.40532266247608,73.62888722551327,14.521249683771956,30.99780748941738,26.88155559444447,66.16145561646077,11.644306342088083,29.28361234572435,0.05527638190954774,0.03015075376884422,0.1507537688442211,4.547320436269987,9.512335211623625,2.032677275493969,4.978879509678529,0.06030150753768844,0.02512562814070352,0.02512562814070352
9,19000,21000,0,23.70613432734285,59.47942712455294,12.193368769942367,26.644242445527134,23.678006450535104,50.58913879771574,9.503041055247357,25.50498460738234,0.05527638190954774,0.03015075376884422,0.12562814070351758,4.042173062741967,7.841613695272756,1.866355992555308,4.450284410759514,0.05025125628140704,0.03015075376884422,0.02512562814070352
9,20000,22000,0,20.029347746173666,48.58552010761399,10.873893238456025,22.777732932135393,19.97629818917609,41.4925779490497,9.215552800904003,21.989867455307646,0.05527638190954774,0.02512562814070352,0.1407035175879397,3.612504301284015,7.830060819334854,1.7230143095334074,4.0005151850853045,0.05527638190954774,0.035175879396984924,0.02512562814070352
9,21000,23000,0,14.822566956711976,45.06117111731407,9.47958795935888,17.581794796665914,13.794748487894402,37.86772138679319,8.044628011184995,15.958882149206556,0.045454545454545456,0.020202020202020204,0.12626262626262627,2.920588053479914,6.975014273227758,1.3576877438003068,3.2192992550047634,0.06060606060606061,0.04040404040404041,0.030303030303030304
9,22000,24000,0,11.526153017346187,32.77346086655789,5.888380589204257,12.936421183280274,9.077658218724833,25.85299885888791,4.737148991977961,10.233850329745723,0.04040404040404041,0.030303030303030304,0.09595959595959595,2.3207215426147294,4.521248453251351,0.998366635080845,2.5253664472887873,0.05555555555555555,0.050505050505050504,0.030303030303030304
9,23000,25000,0,11.121825861870583,19.490819341968223,3.764753803336117,11.738718620254444,6.507990680931048,10.123288525429631,2.018064051341112,6.8122068601756425,0.04020100502512563,0.03015075376884422,0.06030150753768844,1.9357271470560036,4.521248453251351,0.8343873382591076,2.107073991806044,0.04020100502512563,0.07035175879396985,0.020100502512562814
9,24000,26000,0,10.412906981642665,15.754170060175964,2.864624776225197,10.797855182459294,4.6223974782613855,8.297866743308601,1.5518518259004284,4.874706279986514,0.04522613065326633,0.01507537688442211,0.06030150753768844,1.6274421994369872,3.9088262798674345,0.6931061696697116,1.7682087812615188,0.04020100502512563,0.08542713567839195,0.020100502512562814
9,25000,27000,0,10.474543590215935,16.14960684880163,2.510697569164305,10.769772017724206,3.703524401534726,7.34117711127778,1.2238627635818575,3.899539232057103,0.03535353535353535,0.020202020202020204,0.05555555555555555,1.4770235320525011,3.9088262798674345,0.6519134400345552,1.6138320896855618,0.05555555555555555,0.07575757575757576,0.015151515151515152
9,26000,28000,0,10.63301573244578,16.14960684880163,2.6272137529110724,10.951191304419233,3.9162367615401905,7.34117711127778,1.2701714613253114,4.116082931602493,0.04040404040404041,0.020202020202020204,0.06565656565656566,1.3866062106840944,3.2090745224668047,0.6530794155193236,1.5320072540519563,0.0707070707070707,0.0707070707070707,0.015151515151515152
9,27000,29000,0,9.995346980219255,14.842648507347342,2.5804851508548454,10.321461638289977,4.0456745641474985,6.273789555246415,1.1435832441130993,4.203418418623729,0.035175879396984924,0.01507537688442211,0.06030150753768844,1.350597245177147,3.2090745224668047,0.675388075512602,1.5092982561316342,0.04020100502512563,0.06532663316582915,0.01507537688442211
9,28000,30000,0,10.03428786415306,14.925336557907801,2.6631170533173107,10.379964567288296,4.0468238203097915,6.732114174086752,1.2792155163384644,4.2432291251099805,0.035175879396984924,0.020100502512562814,0.08040201005025126,1.4484201188762489,2.85499346081638,0.6160523971275544,1.5733860918388916,0.035175879396984924,0.05527638190954774,0.01507537688442211
9,29000,31000,0,10.303163317441822,14.925336557907801,2.5088293116605365,10.602724630584634,3.778779925434318,6.732114174086752,1.2190389286890377,3.969605272176092,0.04040404040404041,0.015151515151515152,0.050505050505050504,1.253038904528025,2.3870073241557375,0.5894271214004982,1.3841188448942885,0.05555555555555555,0.06060606060606061,0.020202020202020204
9,30000,32000,0,10.352755098562307,14.081881149244078,2.065407029869138,10.555757083945835,3.2468005089966647,6.27655961957281,1.036217376924112,3.4073544410062797,0.06060606060606061,0.015151515151515152,0.09595959595959595,1.4220043266143678,4.42223212292845,0.9900365698683992,1.7312836928391904,0.050505050505050504,0.0707070707070707,0.020202020202020204
9,31000,33000,0,10.147797999773362,13.981228694984248,1.997466422364153,10.341553412913079,2.713979673700348,6.27655961957281,1.4466717800363809,3.073773025487814,0.07537688442211055,0.04522613065326633,0.1507537688442211,2.115449846977489,4.50496792076705,1.1801951368982408,2.4209552481261496,0.04522613065326633,0.06030150753768844,0.020100502512562814
9,32000,34000,0,9.68863920488026,13.937906731976684,1.3109303780448083,9.776485841351334,1.473223821892071,5.725642226488946,1.348715386665572,1.9950755518645404,0.1407035175879397,0.05527638190954774,0.19095477386934673,1.4179542894129074,4.50496792076705,1.2562715040368708,1.8923322563070812,0.03015075376884422,0.04020100502512563,0.04522613065326633
10,0,2000,0,9.858779006045358,12.401884798412771,0.8754435368209977,9.897377107747046,1.1397980383340311,3.3787015795501874,0.7992568544553692,1.390955437814967,0.271356783919598,0.21105527638190955,0.19597989949748743,0.8923448920268353,2.756304522889666,0.6630428078920043,1.1107236571705004,0.04020100502512563,0.07035175879396985,0.08040201005025126
10,1000,3000,0,9.661416729784692,12.045769440494894,1.2053738343504365,9.735945494747673,1.3654897319579282,4.336936644086043,0.8951371219093507,1.6315104421264333,0.20100502512562815,0.18592964824120603,0.11055276381909548,1.03924665652209,2.9154502092215258,0.7305178738893018,1.269260294558894,0.06030150753768844,0.10552763819095477,0.01507537688442211
10,2000,4000,0,9.519065458959378,11.872807588906976,1.4042239594800978,9.62156915038756,1.881329027427659,4.336936644086043,0.8309987191836584,2.055846537650697,0.08542713567839195,0.05025125628140704,0.08040201005025126,1.0990745116713208,2.9154502092215258,0.6929088268272781,1.29834002144632,0.04020100502512563,0.06030150753768844,0.010050251256281407
10,3000,5000,0,9.996039813850505,13.095274377146083,1.3329788121223052,10.084082291763123,1.5859074397451263,3.6308929445305984,0.8954740267883151,1.8201501651915801,0.04040404040404041,0.045454545454545456,0.10101010101010101,0.527100978165632,1.4927111198704552,0.33430981693517975,0.6237282032239491,0.045454545454545456,0.0707070707070707,0.025252525252525252
10,4000,6000,0,10.185507072484945,13.095274377146083,0.9381614103190502,10.228405462585632,0.9104710509491734,3.3092411203860412,0.7099883714129723,1.1534764580632622,0.10606060606060606,0.07575757575757576,0.09090909090909091,0.27391993797340003,0.8778344780912205,0.12278406846602516,0.3000538309352641,0.09090909090909091,0.1111111111111111,0.0707070707070707
10,5000,7000,0,10.179740619437634,13.971332180286492,1.0663547301097425,10.235162232588392,0.9569467748793713,4.267139622372987,0.8435016553396107,1.2742388697963543,0.11055276381909548,0.05527638190954774,0.09547738693467336,0.33219277689233195,0.919088256087004,0.19426208909486303,0.3845791355269311,0.06532663316582915,0.09045226130653267,0.04522613065326633
10,6000,8000,1,18.325657261818343,79.0853705668851,14.772160583490345,23.515002843728062,12.221667449903496,72.63012038801311,16.28292257938246,20.32675712315083,0.035175879396984924,0.020100502512562814,0.02512562814070352,2.0304533898996766,12.35326996236234,2.7195887025036503,3.388498615284747,0.04522613065326633,0.07035175879396985,0.01507537688442211
10,7000,9000,1,36.42513669072233,79.0853705668851,18.741496706749757,40.94226713354195,34.926429004885655,72.63012038801311,19.129324131578084,39.79883962263672,0.050505050505050504,0.030303030303030304,0.11616161616161616,5.17256615372561,13.246178059128564,3.3332999306050186,6.149023941395201,0.0707070707070707,0.07575757575757576,0.03535353535353535
10,8000,10000,1,53.36512503367619,85.26235917440896,15.53130279373168,55.56838821362164,52.940157252693865,90.32715682220194,15.097789227840025,55.040512770988244,0.07575757575757576,0.03535353535353535,0.13636363636363635,7.562610819761061,13.570519413872722,2.9791838965397752,8.125516501348548,0.06565656565656566,0.050505050505050504,0.03535353535353535
10,9000,11000,1,60.297857719171134,90.65000702771887,16.27901748833846,62.446080932714324,59.902860323243495,99.06606700631076,16.07677049970245,62.01228033105719,0.07537688442211055,0.04020100502512563,0.12060301507537688,8.339613552394644,14.134839346629581,2.935952835387874,8.838884214630736,0.05025125628140704,0.05527638190954774,0.035175879396984924
10,10000,12000,1,58.94849828293514,90.65000702771887,16.98595992070979,61.33519112278877,58.62284345976619,99.06606700631076,17.000135894155655,61.02620234477902,0.07035175879396985,0.035175879396984924,0.1507537688442211,7.906873839911233,14.134839346629581,2.956104771624505,8.438810139112602,0.07035175879396985,0.05025125628140704,0.04020100502512563
10,11000,13000,1,56.73565562995605,89.00782210128637,16.151239150446205,58.97869343153145,55.4876508737635,89.47306695735914,16.09151601273708,57.76257522554679,0.0707070707070707,0.03535353535353535,0.14646464646464646,7.776441514408186,13.657320966383208,2.9877120320600294,8.327941487282747,0.06565656565656566,0.03535353535353535,0.03535353535353535
10,12000,14000,1,53.79018016405451,87.18704376648921,16.47955883358498,56.24584107843201,52.82015687606116,83.17018472829987,15.981768602522918,55.173384869221415,0.06565656565656566,0.03535353535353535,0.13636363636363635,7.482579429156004,13.657320966383208,2.85032593234383,8.00453164869884,0.09595959595959595,0.03535353535353535,0.03535353535353535
10,13000,15000,1,51.21267353380711,87.18704376648921,16.404180330349003,53.76327349715011,50.95491272493797,83.17018472829987,15.82868398179624,53.34508066559316,0.07537688442211055,0.035175879396984924,0.135678391959799,7.073033466471341,12.25898808614967,2.6718689955286545,7.558504609209718,0.05527638190954774,0.035175879396984924,0.035175879396984924
10,14000,16000,1,49.72279052552476,86.1845185848496,15.594884845327275,52.09933136631926,49.799178247708895,77.98646779561687,14.298499233798458,51.801380281651994,0.07035175879396985,0.035175879396984924,0.1457286432160804,7.035488496264841,12.11071000202771,2.725280820378618,7.54242123944618,0.04522613065326633,0.035175879396984924,0.035175879396984924
10,15000,17000,1,46.50707650591566,83.20516370308872,14.6571934849131,48.751075058679476,45.78618394903334,74.85786414976964,13.22705309077921,47.649289600304414,0.06532663316582915,0.035175879396984924,0.1507537688442211,6.588634794285853,12.11071000202771,2.6343876385761313,7.093335371431797,0.035175879396984924,0.035175879396984924,0.035175879396984924
10,16000,18000,1,43.23608969929465,83.20516370308872,14.607439509119061,45.62526157529999,42.279411079442205,74.85786414976964,13.543441729137125,44.38526424796833,0.06565656565656566,0.03535353535353535,0.13636363636363635,6.178302187294692,11.406875330357147,2.481989598179107,6.655879666915532,0.04040404040404041,0.030303030303030304,0.03535353535353535
10,17000,19000,1,41.36034550766804,74.18933018424976,13.916564909765949,43.627694637775605,41.32991055725384,66.38981041592687,13.471344949731849,43.459483384233764,0.0707070707070707,0.03535353535353535,0.1414141414141414,6.110144014005493,11.112171030536304,2.443949986916295,6.5785056722701745,0.045454545454545456,0.03535353535353535,0.03535353535353535
10,18000,20000,1,41.70918934343527,91.43232426934246,15.16681288329144,44.368215285924286,40.82079588189116,83.85172978592676,14.08941753459057,43.17240443226124,0.06532663316582915,0.035175879396984924,0.1457286432160804,6.204999352211135,11.184368962018889,2.6018874772796807,6.725918993947465,0.05527638190954774,0.035175879396984924,0.03015075376884422
10,19000,21000,1,41.683809703677746,91.43232426934246,15.277197931213479,44.3820437131814,40.89755355848723,83.85172978592676,13.978384875982846,43.2091211967072,0.06532663316582915,0.03015075376884422,0.16080402010050251,6.080992630874696,11.184368962018889,2.6324634705206393,6.6237214600826775,0.07035175879396985,0.03015075376884422,0.035175879396984924
10,20000,22000,1,38.834689691691615,73.24125398489787,13.809930599519204,41.2054479879063,38.92677258987041,66.00460596777688,12.262585393779606,40.803296332951845,0.06060606060606061,0.030303030303030304,0.13636363636363635,5.740076721295878,11.044692302859756,2.4995065934301604,6.258164214665068,0.045454545454545456,0.03535353535353535,0.03535353535353535
10,21000,23000,1,33.59032684633851,72.5730573188897,14.68275741510105,36.644373230559296,33.24620275152876,65.75664956925083,12.894192032650055,35.647366063119975,0.06060606060606061,0.030303030303030304,0.1414141414141414,5.143137201788206,10.505344516436784,2.3421384808021726,5.648885469443681,0.03535353535353535,0.030303030303030304,0.030303030303030304
10,22000,24000,1,28.69218268546713,72.5730573188897,13.452123035546986,31.674850644460758,28.390917409960167,65.75664956925083,11.418755611212934,30.590525186554792,0.06030150753768844,0.03015075376884422,0.1708542713567839,4.501534432412357,9.345338795436868,2.0334726495051942,4.937423235595495,0.04020100502512563,0.03015075376884422,0.03015075376884422
10,23000,25000,0,25.591225287587445,55.59336873104728,11.659867971935707,28.110204023404247,25.282182040421954,48.8345949115272,9.866865679323023,27.130370286215552,0.06030150753768844,0.03015075376884422,0.1708542713567839,4.213494913133814,7.713622977349578,1.8146465523540611,4.585849624925043,0.08040201005025126,0.03015075376884422,0.02512562814070352
10,24000,26000,0,23.450905242079703,54.06388278449488,11.493748741534933,26.103461178661142,22.940610712982902,48.342808433326496,10.012925721601666,25.02057169577479,0.06030150753768844,0.03015075376884422,0.17587939698492464,3.948375764498045,7.713622977349578,1.7630600986948892,4.322326940980691,0.08542713567839195,0.02512562814070352,0.02512562814070352
10,25000,27000,0,21.407565686854554,51.80538898290577,11.097265865149225,24.10008999084088,21.58799015166733,45.760856682364185,10.005967597238303,23.783557215967132,0.05555555555555555,0.030303030303030304,0.16666666666666666,3.5558366707381728,7.245594881901676,1.605456483021447,3.899809320233392,0.03535353535353535,0.030303030303030304,0.030303030303030304
10,26000,28000,0,17.91354851505791,46.70338905328877,10.101174263927813,20.552766471759355,17.94843547697853,41.61285325389245,10.203882984188919,20.63352494910898,0.050505050505050504,0.03535353535353535,0.16161616161616163,3.0800370222662465,6.382071899837573,1.6185707669757545,3.4775328476091314,0.04040404040404041,0.04040404040404041,0.030303030303030304
10,27000,29000,0,14.912755840154878,41.875362949159715,8.734329552052202,17.2712870657721,14.982304647860376,38.21466184714663,8.524899869785742,17.22730393190479,0.05527638190954774,0.035175879396984924,0.12562814070351758,2.497802584589381,6.382071899837573,1.4305330598840311,2.876666553986654,0.04522613065326633,0.04522613065326633,0.02512562814070352
10,28000,30000,0,12.31894950544031,34.5852519013148,6.880311784303059,14.101720239586426,11.327613984977013,31.53064981064966,6.652671883003676,13.128274508085209,0.05025125628140704,0.04020100502512563,0.09045226130653267,1.957644875971605,4.741461306881079,1.0515193475764062,2.220931771589068,0.04020100502512563,0.05025125628140704,0.020100502512562814
10,29000,31000,0,10.283034219895216,17.57918262321804,3.9979346998911733,11.029231869345447,6.873254129259168,14.796847086360787,3.0177664079089586,7.5035173772492465,0.04040404040404041,0.015151515151515152,0.0707070707070707,1.7752016877199785,4.127885813932502,0.8759367046161279,1.9785728541065404,0.045454545454545456,0.050505050505050504,0.020202020202020204
10,30000,32000,0,9.915505478284883,16.256549066485164,3.4632109291980613,10.500038491729581,5.3772337497254385,8.842004691831766,1.692322222891719,5.6359742346903134,0.03535353535353535,0.015151515151515152,0.0707070707070707,1.744316903190738,4.127885813932502,0.7187816045275068,1.885919467450493,0.05555555555555555,0.050505050505050504,0.015151515151515152
10,31000,33000,0,10.296385795688261,15.792269215004316,3.2542180555741385,10.79595044130481,4.514775468261156,7.38136689023024,1.2797478074172004,4.691776125003082,0.035175879396984924,0.020100502512562814,0.08040201005025126,1.484264349683987,3.411993608491597,0.6325324444739618,1.6128042245072631,0.05025125628140704,0.08040201005025126,0.01507537688442211
10,32000,34000,0,10.422132859698023,15.564711470250128,2.9584107771798185,10.831864414776357,4.087614595816576,5.941406360729009,1.060201915966715,4.222203340205101,0.035175879396984924,0.020100502512562814,0.09547738693467336,1.2712095092243318,2.7929494510998762,0.5608069507752119,1.3888504347840946,0.04522613065326633,0.11557788944723618,0.020100502512562814
10,33000,35000,0,10.058150351957567,16.15393120773845,2.9092050447872095,10.468407000362395,3.9614980458047317,6.85421757785553,1.173537512924158,4.130831769714632,0.035175879396984924,0.01507537688442211,0.10050251256281408,1.248466657937798,3.1963508724883942,0.5839394433708799,1.3776608229673393,0.05527638190954774,0.09547738693467336,0.020100502512562814
10,34000,36000,0,10.39026639762572,16.15393120773845,2.8320424176842742,10.767441489449244,3.7597150013110534,6.85421757785553,1.3252815232650808,3.9853484190825914,0.03535353535353535,0.020202020202020204,0.09090909090909091,1.2593162374023272,3.3279451901227826,0.6483650246152667,1.415677273485187,0.0707070707070707,0.09090909090909091,0.015151515151515152
10,35000,37000,0,10.550376103423158,15.961144433430668,2.808192948190295,10.915894634906891,3.671140113655134,6.6823893308948605,1.3018706248305254,3.8940492983094566,0.03535353535353535,0.020202020202020204,0.09090909090909091,1.0980161901666645,3.3279451901227826,0.578353476385025,1.2403432708150735,0.06565656565656566,0.09090909090909091,0.015151515151515152
10,36000,38000,0,10.078485128710064,15.961144433430668,2.8156017652590557,10.462496725144394,3.6378165598510965,6.6823893308948605,1.205297573688366,3.83134282635478,0.035175879396984924,0.01507537688442211,0.07537688442211055,1.0241866373889232,2.4413403827643725,0.5116907519116923,1.1443236240985426,0.07537688442211055,0.07537688442211055,0.020100502512562814
10,37000,39000,0,9.675982779262545,15.208843291728362,2.712208721841493,10.047086070829902,3.5149377865214393,5.958195438283782,1.1343646488013372,3.6925786225596013,0.035175879396984924,0.01507537688442211,0.06532663316582915,1.1425596613442963,2.5178578880489817,0.5187960961016082,1.2542911233500822,0.04522613065326633,0.07537688442211055,0.01507537688442211
10,38000,40000,0,10.287863075590801,15.001593738492158,2.6899570299488724,10.632009891606186,3.633502039523178,6.323989782196011,1.1255209003878228,3.802994682203098,0.045454545454545456,0.03535353535353535,0.06565656565656566,1.8015656039591674,4.479381816891278,1.113919792085864,2.1166531755909417,0.045454545454545456,0.025252525252525252,0.015151515151515152
10,39000,41000,0,10.306246094449644,16.104522140304734,2.8675940277625656,10.695816096934252,3.685006962495966,8.428261911917266,1.3108584305813145,3.9101139644422136,0.06565656565656566,0.09595959595959595,0.06565656565656566,2.018331478254704,4.479381816891278,1.047242686947422,2.2726346075738104,0.04040404040404041,0.03535353535353535,0.015151515151515152
11,0,2000,0,9.820556145835152,17.935968294036652,1.0920984121578783,9.880789877020034,1.0570068002394644,11.06909867656223,1.274840167646263,1.6535884438189574,0.2663316582914573,0.23115577889447236,0.1658291457286432,0.9765927738252083,3.2662056950126113,0.710751483106903,1.2068037447209812,0.06532663316582915,0.04522613065326633,0.06030150753768844
11,1000,3000,0,9.755876820211288,19.95518657053112,2.401053972911471,10.045564564078303,1.8261096108519337,10.262469043458598,2.2397439978372224,2.885489078269822,0.21105527638190955,0.08040201005025126,0.12060301507537688,1.502925964650698,5.628279599053808,1.2894720248730163,1.9781837294944817,0.05025125628140704,0.07035175879396985,0.035175879396984924
11,2000,4000,0,9.488149098337745,19.95518657053112,2.4718060162109743,9.80327747078268,2.3501085036744955,10.262469043458598,2.0543804714116023,3.118074198083481,0.1507537688442211,0.04020100502512563,0.06030150753768844,1.5979899811430789,5.628279599053808,1.207852390507001,2.001295790257119,0.035175879396984924,0.05025125628140704,0.06030150753768844
11,3000,5000,0,9.929135420511942,12.757870064063802,1.194864521728842,10.000412843784732,1.5067061282878762,3.295098968270092,0.7553362994802476,1.6845857896551517,0.10606060606060606,0.020202020202020204,0.09090909090909091,0.7860306828828552,1.663300529644476,0.4003413777870032,0.8816530270704831,0.030303030303030304,0.04040404040404041,0.05555555555555555
11,4000,6000,0,10.207623099195661,12.757870064063802,1.1156225571130751,10.268102487072374,1.2852248961356825,3.046194572091495,0.6182575731323784,1.4255260938221237,0.10101010101010101,0.08080808080808081,0.12626262626262627,0.6230340552230565,1.321033298764701,0.35213792006683015,0.7152268364211711,0.020202020202020204,0.06060606060606061,0.13636363636363635
11,5000,7000,0,9.877659596331513,11.969092066776714,0.8068195329457719,9.910391620463297,1.0278844072003286,2.3573296663466308,0.4690023159639003,1.1293403876082604,0.11557788944723618,0.09045226130653267,0.09045226130653267,0.5455217310762207,1.321033298764701,0.27821786829373163,0.6120556473092256,0.04020100502512563,0.06532663316582915,0.12060301507537688
11,6000,8000,0,12.503191534719582,37.833462107225856,4.633837111628757,13.330224405429407,5.126767477284736,32.121349823886575,6.633751108506459,8.37080433810916,0.04020100502512563,0.035175879396984924,0.12060301507537688,1.1768364306217367,5.45710667986224,1.324453697107479,1.769279710006666,0.11055276381909548,0.09547738693467336,0.020100502512562814
11,7000,9000,1,32.10511994956987,93.42456908866664,22.041829892968167,38.91194641224691,29.55509767698575,83.82656237099485,23.853388831446527,37.9424398340728,0.04040404040404041,0.025252525252525252,0.10606060606060606,4.506989918977053,14.377902389724674,3.5613037730518418,5.738650503860032,0.1111111111111111,0.13131313131313133,0.050505050505050504
11,8000,10000,1,53.29281622973181,96.31459758578157,18.820575474164883,56.502728719222276,52.97324856170082,92.92043941617042,16.325885083868965,55.41985400093764,0.06565656565656566,0.03535353535353535,0.16666666666666666,7.510599297761565,14.377902389724674,3.0232160414242824,8.093392874709263,0.08585858585858586,0.08080808080808081,0.03535353535353535
11,9000,11000,1,56.3294139882468,96.31459758578157,17.089258835439836,58.8522338910447,55.2882161892488,92.92043941617042,15.977637186984929,57.539510903531685,0.07537688442211055,0.035175879396984924,0.135678391959799,7.6601827682040105,14.138796219919799,2.797735449374123,8.152704279486095,0.07537688442211055,0.05527638190954774,0.035175879396984924
11,10000,12000,1,53.52374922104121,87.33616081352478,16.36274072273149,55.95705780521746,52.85894236578658,89.83656240099128,16.72779446485466,55.430026160463576,0.07537688442211055,0.04522613065326633,0.135678391959799,7.125395804356808,12.96729041862535,2.627408351856624,7.592102715513964,0.11055276381909548,0.05025125628140704,0.04020100502512563
11,11000,13000,1,50.93264327317818,85.89275458406101,15.506540286941464,53.22954704395866,50.367202504445046,86.2476378158895,15.917532821392973,52.81056807106223,0.08542713567839195,0.05025125628140704,0.1658291457286432,7.069077657456201,12.96729041862535,2.601671427093695,7.530385758420973,0.135678391959799,0.04522613065326633,0.04020100502512563
11,12000,14000,1,54.83984201847366,94.2777818730793,16.736322622345387,57.32456024475375,54.06515875901606,94.30399830226287,16.587909557045236,56.54040526788512,0.08080808080808081,0.050505050505050504,0.18181818181818182,7.746690836714099,12.736676299920386,2.6342269765701656,8.180189519464259,0.10606060606060606,0.03535353535353535,0.03535353535353535
11,13000,15000,1,59.18327351446382,94.2777818730793,18.548219469491432,62.00780179152472,58.78729305504186,103.64462985646385,17.962493596656948,61.457104050343865,0.10606060606060606,0.06060606060606061,0.17676767676767677,8.182618702030348,13.602626850500055,2.7718152813028016,8.63710605107506,0.09090909090909091,0.04040404040404041,0.03535353535353535
11,14000,16000,1,56.939191563695886,94.14419169243189,18.574562239512154,59.87788261541,56.64035235184283,103.64462985646385,18.271739315745403,59.50056041648138,0.09547738693467336,0.04522613065326633,0.1658291457286432,7.933332964499829,13.717865874938088,2.915616203657318,8.449620446115532,0.06030150753768844,0.04020100502512563,0.04020100502512563
11,15000,17000,1,55.807497056701685,94.04896225175801,18.36227064559602,58.73639285893861,54.75947983971744,94.62087482780085,18.163884786453448,57.67909247985182,0.08040201005025126,0.05527638190954774,0.18592964824120603,7.738507276261559,13.717865874938088,2.87300362449126,8.252113301570773,0.07537688442211055,0.04522613065326633,0.035175879396984924
11,16000,18000,1,55.58943520752809,102.33881711644513,18.969129273970843,58.72141851042409,54.28966142297383,94.90120287389014,18.76923740202322,57.427182913214,0.08080808080808081,0.06565656565656566,0.20707070707070707,7.600706232244269,12.868382890972793,2.8758173688642907,8.124007714368506,0.10606060606060606,0.05555555555555555,0.03535353535353535
11,17000,19000,1,54.79356957394907,102.33881711644513,19.557623553849332,58.16282138931268,54.30130239676135,94.90120287389014,19.354544425592167,57.63113245405891,0.09595959595959595,0.045454545454545456,0.1717171717171717,7.612708027668225,13.79514742608721,3.0747646341199464,8.207313363082537,0.08585858585858586,0.05555555555555555,0.04040404040404041
11,18000,20000,1,50.4452757231806,100.880890761408,18.35482113354503,53.66507993414269,50.483524963759876,93.59098047832018,17.40041182908608,53.383955950540575,0.08040201005025126,0.04020100502512563,0.1507537688442211,7.456102724112111,13.79514742608721,2.9367349350544574,8.010914919713446,0.05527638190954774,0.035175879396984924,0.035175879396984924
11,19000,21000,1,42.08395555198259,78.89110392158153,15.408287581792436,44.80276291115816,41.210237546044844,72.79473187296813,14.008997353588546,43.51499081259275,0.09045226130653267,0.04522613065326633,0.12562814070351758,6.504436399639007,12.412692336044987,2.5330223009010338,6.977951980626299,0.05527638190954774,0.035175879396984924,0.03015075376884422
11,20000,22000,1,36.12618507227343,73.19945202481594,15.319808515762144,39.22530176010086,35.414963668626044,65.04534073013535,13.646024824446267,37.94077720859127,0.09547738693467336,0.035175879396984924,0.12562814070351758,5.7591110829745835,10.456861146080799,2.1300455693501155,6.138547802445721,0.09045226130653267,0.04020100502512563,0.03015075376884422
11,21000,23000,0,30.292158500448288,70.0759290949121,14.38470820432658,33.51857542615105,30.00254839703042,62.50171689562681,12.680211055508243,32.55967880789134,0.09595959595959595,0.030303030303030304,0.15656565656565657,4.9976063447421835,8.956903999188745,1.9651556051767345,5.36828645991744,0.1111111111111111,0.050505050505050504,0.030303030303030304
11,22000,24000,0,23.99979986456495,57.95864847281502,12.40710253927743,27.002833892920613,23.857368322654946,50.711495493619964,9.267773090486514,25.585816875144445,0.06060606060606061,0.04040404040404041,0.15151515151515152,4.0829125058976965,7.9872256033326545,1.7604610075312206,4.44452736577635,0.08080808080808081,0.050505050505050504,0.030303030303030304
11,23000,25000,0,19.212845691052053,47.589642505719766,11.141136195293418,22.19544391742693,18.87648618072421,40.632815942168534,8.705294293684727,20.77799240848436,0.05527638190954774,0.05527638190954774,0.1407035175879397,3.264943284954799,7.040859487778877,1.5613028356870604,3.617365459277272,0.06030150753768844,0.04020100502512563,0.03015075376884422
11,24000,26000,0,16.83794103269862,46.94829577451155,10.33114489964237,19.741204380264023,16.65651010003844,40.409186315262424,8.31589460332821,18.60773122256116,0.05025125628140704,0.05527638190954774,0.1457286432160804,2.8984653659310733,6.654969592491612,1.3865358936958305,3.2115371480159323,0.05025125628140704,0.03015075376884422,0.03015075376884422
11,25000,27000,0,16.222564960014246,44.064999573899584,9.831070295494044,18.95615675527403,16.84691485955829,38.52389346596998,8.084012425681363,18.677296348987568,0.050505050505050504,0.030303030303030304,0.14646464646464646,2.9631897997717074,6.08343958187076,1.285489290046309,3.2287261529981968,0.04040404040404041,0.03535353535353535,0.025252525252525252
11,26000,28000,0,13.885851463449608,35.03215093023698,8.547906775821856,16.29467433595698,13.799616982264858,32.04526350402723,7.476734268173586,15.685983291965412,0.050505050505050504,0.025252525252525252,0.13131313131313133,2.6300771688205846,5.941470347331367,1.188128491133924,2.884763683607826,0.06565656565656566,0.045454545454545456,0.020202020202020204
11,27000,29000,0,11.409407463480532,31.642878497454955,6.30508984388114,13.028045356746397,9.171243590982737,25.720877669195072,5.2405293068291705,10.55639809233238,0.04522613065326633,0.020100502512562814,0.09547738693467336,2.0259775941050084,5.642475291140164,1.0559890891178252,2.2834453361904092,0.08542713567839195,0.07537688442211055,0.020100502512562814
11,28000,30000,0,10.612331145676949,22.083285110940157,4.484588387878431,11.516620497748269,6.341783515928571,13.771584821213029,2.2189633309302623,6.716948521136395,0.035175879396984924,0.020100502512562814,0.09547738693467336,1.6396442235564643,3.594804909111176,0.7359229854462959,1.7964709591718226,0.06030150753768844,0.09547738693467336,0.020100502512562814
11,29000,31000,0,10.126870657351787,16.812267567313928,3.6509341021533115,10.761792719148021,5.1974891186484395,8.510625849561816,1.3518941518034222,5.369578460844093,0.035175879396984924,0.02512562814070352,0.07035175879396985,1.6015736669885536,4.084139612221021,0.6863119687358191,1.7417540608906437,0.05025125628140704,0.07537688442211055,0.020100502512562814
11,30000,32000,0,10.330548031472148,16.94677134663999,3.354217957074032,10.858842671331335,4.531240172570032,7.486060352338039,1.3376364953196236,4.7236021828248544,0.03535353535353535,0.020202020202020204,0.08080808080808081,1.6108762163759835,4.084139612221021,0.6879349461185631,1.750942178174415,0.050505050505050504,0.09595959595959595,0.015151515151515152
11,31000,33000,0,10.697661247838425,16.94677134663999,3.3485779203704813,11.206988161804912,4.404582417876032,7.486060352338039,1.472753232526306,4.643107671788366,0.03535353535353535,0.020202020202020204,0.0707070707070707,1.446539903137692,2.8194654358583517,0.6295129617397056,1.576950497185609,0.06565656565656566,0.09595959595959595,0.015151515151515152
11,32000,34000,0,10.273342474601826,16.411307619647662,3.305338884989004,10.789448754192922,4.369924285144322,7.177248593028347,1.3957484788181547,4.586350564984832,0.035175879396984924,0.01507537688442211,0.06532663316582915,1.2478052637198858,2.6938958139992337,0.5678766612536289,1.3703610688616483,0.06532663316582915,0.07035175879396985,0.020100502512562814
11,33000,35000,0,9.747002453178357,16.411307619647662,3.2944629599532753,10.28607192206026,4.243841210647147,7.177248593028347,1.2197202527576232,4.414800916088881,0.035175879396984924,0.01507537688442211,0.05527638190954774,1.2287626896319919,2.6938958139992337,0.5093071351812269,1.3296445151198957,0.05527638190954774,0.06532663316582915,0.01507537688442211
11,34000,36000,0,10.036916211637696,16.236950152362077,3.413445659839569,10.598714426839592,4.373668577345957,6.937210273163771,1.2160184046624447,4.5387494894357605,0.03535353535353535,0.020202020202020204,0.045454545454545456,1.284319905906102,2.5485456473426393,0.5057727412655709,1.379854423081227,0.05555555555555555,0.0707070707070707,0.015151515151515152
11,35000,37000,0,10.592163416966455,16.28588238474351,3.383728425423566,11.116924401092742,4.48312939194368,6.937210273163771,1.1371199283289255,4.6243911144246175,0.030303030303030304,0.020202020202020204,0.06060606060606061,1.3082628797783367,2.5485456473426393,0.5390088659307608,1.4144335854353003,0.06060606060606061,0.08080808080808081,0.020202020202020204
11,36000,38000,0,10.222130342206947,16.28588238474351,3.2376687878430093,10.72016956101637,4.280698013364733,6.79487076837133,1.1091064691852037,4.421350704910582,0.035175879396984924,0.01507537688442211,0.06532663316582915,1.2254365621763572,2.297602443461855,0.5251555007255192,1.3327055662677967,0.05025125628140704,0.07537688442211055,0.020100502512562814
11,37000,39000,0,10.392919553790266,15.460567483008576,2.9445108994119313,10.799980118783921,3.761783435264546,6.16307015714443,1.1902952126950204,3.944709532237905,0.03015075376884422,0.02512562814070352,0.06030150753768844,1.336876824206796,3.9290465984088825,0.8321608340083372,1.5736164839281561,0.06030150753768844,0.06532663316582915,0.01507537688442211
11,38000,40000,0,10.455675296692533,15.412524703217077,2.533232146801443,10.75667994578671,3.3649535788799825,6.010103402879887,1.1441299797552469,3.553219377023092,0.10101010101010101,0.0707070707070707,0.10606060606060606,2.5825186976316554,5.354209102080006,1.5177153378172068,2.993540962665106,0.04040404040404041,0.03535353535353535,0.010101010101010102
12,0,2000,0,9.573472531444812,18.199872150146074,1.6657707716956167,9.716595334500969,1.9141128499888975,11.54269561137205,1.5944707152005535,2.4886649392428515,0.1708542713567839,0.135678391959799,0.18090452261306533,1.499887195331006,4.463865846494918,1.048474285219434,1.8284988142552812,0.025380710659898477,0.04568527918781726,0.06598984771573604
12,1000,3000,0,9.684158920404734,12.784973595928392,1.4730747762168952,9.795000436217418,1.8480384921245756,4.808900373765358,1.0415260389221126,2.1200469041221934,0.09045226130653267,0.10552763819095477,0.11557788944723618,1.3963811866373803,4.463865846494918,1.0164294458608205,1.725635429256474,0.08080808080808081,0.050505050505050504,0.04040404040404041
12,2000,4000,0,10.26437593618667,12.784973595928392,1.0126801197798099,10.313961740245126,1.5779442579618965,3.6560649804472414,0.7511398498292133,1.7467965250327142,0.11055276381909548,0.035175879396984924,0.09045226130653267,0.8692176645626444,3.2187210075773303,0.6982419760253269,1.11384177340683,0.07537688442211055,0.10050251256281408,0.04522613065326633
12,3000,5000,0,12.575895893101482,35.87449061886885,4.006057454532482,13.195491962520604,5.195433284687644,27.437009638574647,6.833680377988588,8.570708561150832,0.09595959595959595,0.04040404040404041,0.09090909090909091,1.2137286688279736,5.4906026883475985,1.2963880591945869,1.7735152019526423,0.06532663316582915,0.04020100502512563,0.07537688442211055
12,4000,6000,1,27.433009002787863,82.38120120559506,17.618413831185556,32.57942060773371,24.12789888579957,73.46296106229774,18.619563682170938,30.448341577853377,0.05555555555555555,0.030303030303030304,0.09595959595959595,4.089077775216908,13.489543379492535,3.1577861841580583,5.161619180907099,0.05527638190954774,0.07537688442211055,0.02512562814070352
12,5000,7000,1,41.963519376513304,83.6284369695739,15.41936484272587,44.69345574639908,41.567112170107904,75.82823593616195,13.128714433016775,43.58125905836954,0.06532663316582915,0.03015075376884422,0.1457286432160804,6.32070048208515,13.489543379492535,2.6918501983119434,6.867379392838782,0.050505050505050504,0.045454545454545456,0.03535353535353535
12,6000,8000,1,47.888529452463565,88.17105010475176,15.86960133154706,50.43705263305538,47.701334510044816,88.33882311754091,14.397507547222023,49.816353705320964,0.08542713567839195,0.035175879396984924,0.16080402010050251,6.9479523312414555,13.042617261318824,2.512660812730798,7.386188462629398,0.05555555555555555,0.04040404040404041,0.03535353535353535
12,7000,9000,1,53.435260941002234,88.17105010475176,15.86775666627314,55.73013151492687,52.91823104960281,88.33882311754091,14.52631695813758,54.86613427706739,0.08585858585858586,0.04040404040404041,0.19696969696969696,7.4119436189493335,13.042617261318824,2.531259411536753,7.830207280010834,0.07035175879396985,0.035175879396984924,0.035175879396984924
12,8000,10000,1,55.75872410463838,92.30618895295851,16.7345536341278,58.20372270199143,55.58032797751229,88.91454136071319,15.027761950639293,57.56623702288435,0.08585858585858586,0.04040404040404041,0.21212121212121213,7.413911872336771,13.034619487685015,2.6993692271408642,7.8877278416594105,0.06532663316582915,0.04020100502512563,0.04020100502512563
12,9000,11000,1,57.54797413117272,96.08893819551669,18.582479371622668,60.45950151548491,57.63160102725832,94.3210858093393,17.150577101367148,60.11716078126505,0.09045226130653267,0.04020100502512563,0.19095477386934673,7.809993441537838,14.083743030654004,2.8852240039459196,8.323381726396581,0.0707070707070707,0.04040404040404041,0.04040404040404041
12,10000,12000,1,59.344300749738885,96.08893819551669,18.248272464245254,62.07318649920548,59.09215663011313,97.37464331884058,16.939009306678738,61.460380419487414,0.09547738693467336,0.035175879396984924,0.1708542713567839,8.1106689052845,14.083743030654004,2.981300949916733,8.638659696264645,0.0707070707070707,0.045454545454545456,0.04040404040404041
12,11000,13000,1,57.51928446177753,90.79089534468663,18.073239835394084,60.278260310550095,56.56431176461443,97.37464331884058,16.60664302455022,58.939936595028676,0.07575757575757576,0.03535353535353535,0.18686868686868688,8.02361526467107,14.083102163636616,2.9786692933007335,8.556080312883992,0.05527638190954774,0.05025125628140704,0.035175879396984924
12,12000,14000,1,50.98898568900636,88.094887151729,17.789283439009836,53.98837858853996,50.21899334052094,81.34091761436345,16.509604826162352,52.85020964930385,0.08080808080808081,0.03535353535353535,0.18181818181818182,7.296741005883584,14.083102163636616,2.751994334325677,7.796026857253817,0.05527638190954774,0.05527638190954774,0.035175879396984924
12,13000,15000,1,47.01441533381158,88.094887151729,16.4803771428261,49.80562283313073,46.70298469184123,81.34091761436345,15.429736780501324,49.173724410058,0.08542713567839195,0.035175879396984924,0.15577889447236182,6.873911384419327,12.542643723453878,2.4668183369801335,7.301045923063599,0.06565656565656566,0.045454545454545456,0.03535353535353535
12,14000,16000,1,43.92297256867885,82.70705959572597,14.86701355027994,46.3589308624951,43.63935958685761,74.22090485433277,13.867724185040727,45.77931749549202,0.07537688442211055,0.035175879396984924,0.16080402010050251,6.636758792180641,12.542643723453878,2.5385080094899726,7.103394129227033,0.03535353535353535,0.03535353535353535,0.03535353535353535
12,15000,17000,1,37.50039678387591,74.66954297883068,13.481471323303795,39.838688201847056,36.43037893070571,66.69867576529342,12.866359492454775,38.62496601410727,0.06532663316582915,0.03015075376884422,0.135678391959799,5.676180004394105,11.639154058301676,2.4414769468079647,6.176570656575477,0.035175879396984924,0.035175879396984924,0.035175879396984924
12,16000,18000,0,30.533509292794708,64.24710704809476,13.443790804180564,33.34850045010378,29.907796345984135,57.02963835205904,11.24539357933869,31.942130287202357,0.06060606060606061,0.03535353535353535,0.13636363636363635,4.904124579185199,11.133549660409237,2.174087023309371,5.362225191202435,0.05025125628140704,0.03015075376884422,0.03015075376884422
12,17000,19000,0,25.266011918308116,57.41353845945517,12.426016129129456,28.14251812060574,24.67097726505992,50.03469877397838,10.197650361478498,26.685700644304585,0.06060606060606061,0.030303030303030304,0.18181818181818182,4.093577246969792,9.712858044125138,1.8543165735867262,4.492067695639927,0.07035175879396985,0.03015075376884422,0.03015075376884422
12,18000,20000,0,21.54855528174986,52.15713227676677,12.215718834018627,24.7551591073309,21.204289240905737,44.779929915790795,9.532145194220089,23.23853190835569,0.06030150753768844,0.035175879396984924,0.16080402010050251,3.4515711634108666,7.293719340635551,1.6190983440001216,3.8107282348755707,0.030303030303030304,0.030303030303030304,0.030303030303030304
12,19000,21000,0,19.495495174870424,48.993875030772486,11.91156143949856,22.830904527869897,19.590511099325614,42.28918331034615,9.8843372643674,21.93170644689517,0.05527638190954774,0.04522613065326633,0.1507537688442211,3.312250406716817,6.742997480149095,1.5612981133904218,3.6601099777390833,0.03535353535353535,0.025252525252525252,0.025252525252525252
12,20000,22000,0,18.408503531509094,46.47458315585213,11.207327864624654,21.537084836650493,17.609614895960455,41.509288601929306,9.952323336526883,20.21508209773169,0.050505050505050504,0.0707070707070707,0.16161616161616163,3.027265471032432,6.477297303530029,1.4386112826830177,3.350162778531034,0.05527638190954774,0.02512562814070352,0.02512562814070352
12,21000,23000,0,14.224557083544896,43.241932979847256,9.686506819247457,17.19578259378473,14.444251599866094,38.36759386905132,8.12791207266492,16.564038888346914,0.050505050505050504,0.06060606060606061,0.14646464646464646,2.5702457774918765,5.984266223618803,1.284210108492942,2.8717787138734243,0.06532663316582915,0.05527638190954774,0.035175879396984924
12,22000,24000,0,11.122964696739805,30.930463762368962,6.704531352053343,12.978687552766377,9.996311428116803,27.589767200288858,5.6066666747614144,11.454421845460791,0.05527638190954774,0.04522613065326633,0.11557788944723618,2.1055781690410087,5.984266223618803,1.0458267692576644,2.3498333574605907,0.0707070707070707,0.06060606060606061,0.04040404040404041
12,23000,25000,0,10.973216513460752,21.556226716607114,4.323302203843757,11.790206439554789,6.366810698040896,15.426894724543331,3.2383495479815627,7.1393803457040885,0.04020100502512563,0.04522613065326633,0.08040201005025126,1.758377509913729,4.093749327868382,0.812051854525753,1.9359767488760875,0.050505050505050504,0.0707070707070707,0.020202020202020204
12,24000,26000,0,10.362476585237516,17.044134297789185,3.122646958174529,10.820482678086702,4.518718879578264,9.012238554618303,1.5078383663260018,4.7624543928407554,0.03535353535353535,0.025252525252525252,0.07575757575757576,1.6180085320844342,3.7574952934912385,0.73481805893919,1.776290911349396,0.06030150753768844,0.06030150753768844,0.020100502512562814
12,25000,27000,0,9.71835714097471,15.647444254166171,2.6471974797145004,10.07069539167663,3.7464872464510965,5.989638469494516,1.020827031742523,3.882398471860148,0.030303030303030304,0.025252525252525252,0.06060606060606061,1.4265550507741285,3.318215051469192,0.6288602462066284,1.5583796700746393,0.03015075376884422,0.05025125628140704,0.02512562814070352
12,26000,28000,0,10.163557914715515,14.546982686548954,2.5311501235389207,10.472468516492567,3.511061439386367,5.129215259976102,0.8951433283254772,3.622820393215796,0.04020100502512563,0.020100502512562814,0.07035175879396985,1.2814976759809165,3.1903582656362395,0.6271814495250155,1.4260526222126755,0.04020100502512563,0.07035175879396985,0.01507537688442211
12,27000,29000,0,10.232591575226689,15.002542184177495,2.6977236717404036,10.580512973831816,3.803293724673896,6.057377388608373,1.018597215589249,3.9366731820551193,0.035175879396984924,0.01507537688442211,0.08040201005025126,1.2322565381278965,3.1147333651660514,0.623256282414337,1.3802001910411963,0.050505050505050504,0.07575757575757576,0.020202020202020204
12,28000,30000,0,10.035132001110268,15.19683297103606,2.9713309737119347,10.463677078172404,4.032276883509621,6.307482141188885,1.120635480878851,4.18435199605454,0.03015075376884422,0.01507537688442211,0.09547738693467336,1.2537604255861923,3.1147333651660514,0.6412007090875596,1.4074755885074908,0.06565656565656566,0.08585858585858586,0.015151515151515152
12,29000,31000,0,10.494873493607116,15.499093340564984,2.8611196097506446,10.87599371839108,3.8623282721797847,6.307482141188885,1.2046018271575332,4.044916990165172,0.03535353535353535,0.030303030303030304,0.10101010101010101,1.3327381089670503,3.1126368270651628,0.7014101194608681,1.5052266081878725,0.08542713567839195,0.08040201005025126,0.01507537688442211
12,30000,32000,0,10.512276382862694,16.926797504426823,2.3879946510677494,10.778766967125469,3.423912312400377,7.433818267707258,1.333382912294839,3.673166385116181,0.09595959595959595,0.05555555555555555,0.07575757575757576,2.116285944270209,5.812427057364478,1.3173576300135799,2.491068077681513,0.04020100502512563,0.06532663316582915,0.01507537688442211
12,31000,33000,0,9.737110123046453,16.926797504426823,1.9375423841217205,9.9270647064553,2.7874622495674894,7.433818267707258,1.3852685676225645,3.1111605474781765,0.10050251256281408,0.11055276381909548,0.12562814070351758,2.297888968502869,5.812427057364478,1.3602242482837568,2.668558820687603,0.030303030303030304,0.050505050505050504,0.025252525252525252
13,0,2000,0,9.677513874871588,20.815980748185865,2.5281060604378207,10.00067387049265,2.2770606797616306,11.087038252787933,2.473940078770284,3.357794358666964,0.16080402010050251,0.06030150753768844,0.15577889447236182,1.4937724476120586,4.444483367647193,1.1429561506717283,1.8791415975895656,0.035175879396984924,0.07035175879396985,0.01507537688442211
13,1000,3000,0,10.018420449350502,20.815980748185865,2.999729195031598,10.455722436411154,2.8547546405665423,11.087038252787933,2.6046824863783122,3.8600612765094655,0.035175879396984924,0.03015075376884422,0.12060301507537688,1.318797750385506,4.444483367647193,1.211054799467957,1.7884484798561218,0.06532663316582915,0.05527638190954774,0.01507537688442211
13,2000,4000,0,10.22492809620913,19.161104772911692,1.9722455220048885,10.412466480604866,2.2235256550616453,9.599991551008419,1.4949881367096676,2.6772898460897823,0.04522613065326633,0.04020100502512563,0.08040201005025126,0.745679471571554,2.377667269928924,0.43049519981541273,0.8604866999564976,0.06532663316582915,0.09045226130653267,0.06030150753768844
13,3000,5000,0,9.893074110351808,12.549315710189857,0.937654666961058,9.93718740668888,1.417340597735923,3.395685289778244,0.7838742883689821,1.61871107267194,0.07575757575757576,0.045454545454545456,0.08585858585858586,0.5337809596373245,1.4653602534945793,0.31973187309388473,0.621801312828758,0.07575757575757576,0.10606060606060606,0.04040404040404041
13,4000,6000,0,9.602614717429034,11.809859496516273,1.0601934472894505,9.660671367191355,1.3388092666066291,3.5404116927796614,0.749625475349032,1.533468224262726,0.050505050505050504,0.050505050505050504,0.0707070707070707,0.5025434491169225,1.1137736646708918,0.26385706797222686,0.567292357208812,0.06565656565656566,0.08585858585858586,0.050505050505050504
13,5000,7000,0,9.83567530327801,12.669998961897358,1.2892652196310381,9.919395266548788,1.5127968809534198,3.5404116927796614,0.7844633493220811,1.7031911917691052,0.06532663316582915,0.05025125628140704,0.06030150753768844,0.47670257175324954,1.06763223474718,0.25192032723082686,0.5388802036927025,0.06030150753768844,0.07035175879396985,0.03015075376884422
13,6000,8000,0,10.13676471474345,12.669998961897358,0.8546306902548767,10.172548379374254,1.3149211420983833,3.2056434567794154,0.7160172652246842,1.4963739273379006,0.12562814070351758,0.05025125628140704,0.10552763819095477,0.640891823592979,1.9485111240285937,0.4528004521072493,0.7840570372936658,0.05527638190954774,0.04020100502512563,0.07537688442211055
13,7000,9000,0,10.175121508993076,13.892271245219872,0.9208730923613548,10.216498599424005,1.396786237909977,5.300101356088927,0.8789082501098707,1.6491239186087112,0.16666666666666666,0.0707070707070707,0.1414141414141414,0.7731184766454937,1.9485111240285937,0.45226662037523346,0.8951141882646808,0.050505050505050504,0.04040404040404041,0.07575757575757576
13,8000,10000,1,21.19760912372494,72.01114056373834,16.292605488540037,26.71055431148336,15.58654541110205,81.28798615701514,19.174637464424258,24.673053079780264,0.04040404040404041,0.025252525252525252,0.09595959595959595,2.7778787973841506,11.913216741708535,2.9115716223408508,4.018863108169147,0.09090909090909091,0.06565656565656566,0.03535353535353535
13,9000,11000,1,47.63444252905498,94.11067571255899,23.72284409014732,53.18834064078943,46.56044534106966,95.026017865521,24.400456266577194,52.53837097822692,0.05527638190954774,0.04522613065326633,0.16080402010050251,6.569382468512563,14.582273383626926,3.586744757616588,7.480454550634529,0.10552763819095477,0.07537688442211055,0.03015075376884422
13,10000,12000,1,64.91591548224264,102.76196260928107,18.06027883926684,67.3692725676252,64.91204894290858,111.71635272749523,17.433579532386663,67.20107249740921,0.07537688442211055,0.035175879396984924,0.1658291457286432,8.282172105327211,14.784528475868333,3.4458854369939766,8.967113838628508,0.09547738693467336,0.04020100502512563,0.04020100502512563
13,11000,13000,1,60.568233551312325,102.76196260928107,17.185810560630724,62.94748795408021,59.769307252428916,111.71635272749523,17.682826567404657,62.31764624142265,0.07537688442211055,0.04522613065326633,0.16080402010050251,7.857771411158724,14.784528475868333,3.063810226966383,8.431166585434832,0.10050251256281408,0.04522613065326633,0.04020100502512563
13,12000,14000,1,58.938374624833735,92.90780085282232,15.48420774925113,60.92854721272429,57.61374164491608,97.8970511401947,15.619532958775975,59.68322257748365,0.0707070707070707,0.04040404040404041,0.13636363636363635,7.536296584803778,13.204136528807924,2.790280379720602,8.03382268094573,0.11616161616161616,0.045454545454545456,0.03535353535353535
13,13000,15000,1,63.386703718494644,94.65942341047761,16.78250424719559,65.55998259734842,62.273786452482234,103.30574004887252,16.367403423427188,64.3783362904659,0.07575757575757576,0.04040404040404041,0.15151515151515152,7.75560720232154,12.925977783437794,3.001701942437169,8.313505889086526,0.08585858585858586,0.03535353535353535,0.03535353535353535
13,14000,16000,1,61.8357359337661,94.65942341047761,17.928844609410703,64.36998128129062,60.970223811167074,103.30574004887252,17.656555908183726,63.46308681658911,0.07537688442211055,0.035175879396984924,0.1708542713567839,7.573987599138834,12.925977783437794,2.984581624040006,8.138088042354502,0.10050251256281408,0.04020100502512563,0.04020100502512563
13,15000,17000,1,59.4885936388487,98.20604253703999,18.507027948693796,62.28716004285582,59.12339971225843,107.27021365568656,18.587033101535273,61.96230147481177,0.07537688442211055,0.035175879396984924,0.1407035175879397,7.453432169671611,12.459575925067103,2.7589802893341315,7.945285613723727,0.10552763819095477,0.04020100502512563,0.04020100502512563
13,16000,18000,1,61.11318203919932,99.42561836905777,19.80189130396301,64.22589424477533,60.716798108459756,107.27021365568656,19.600054459455986,63.78684225111077,0.07575757575757576,0.04040404040404041,0.15656565656565657,7.924672515167099,13.935324756575904,2.9569200409049525,8.455759814321322,0.08585858585858586,0.03535353535353535,0.03535353535353535
13,17000,19000,1,63.743759187518535,103.18831705868782,19.255512981458203,66.57460796493895,63.39025911360302,109.01591840048417,18.339963546408306,65.97718538212104,0.08585858585858586,0.04040404040404041,0.17676767676767677,8.430540781126496,13.935324756575904,3.171749913925487,9.00463561880125,0.0707070707070707,0.03535353535353535,0.03535353535353535
13,18000,20000,1,61.852420739058104,103.33132388788397,17.973380587442758,64.39836293706405,61.8119781923025,109.01591840048417,16.70436802247268,64.01844561937392,0.11055276381909548,0.035175879396984924,0.12562814070351758,8.114815684372829,13.846478180972637,3.0031364603673367,8.650084857845787,0.06030150753768844,0.04020100502512563,0.04020100502512563
13,19000,21000,1,56.791831392476425,103.33132388788397,17.579715660975012,59.437473731801525,55.98800445290795,101.1747875227678,16.50002113946822,58.357056871759085,0.09045226130653267,0.04522613065326633,0.1457286432160804,7.3040324827704435,13.438153903129386,2.719354877620324,7.791457309454439,0.07537688442211055,0.04522613065326633,0.035175879396984924
13,20000,22000,1,53.49945051039902,93.99954364281871,16.518025123907528,55.97921161590885,52.21927847614329,92.84622498499205,15.927607731405564,54.582719693821645,0.08040201005025126,0.04522613065326633,0.1658291457286432,6.880410332257416,12.241887790738614,2.8298061791378895,7.436922101021642,0.1457286432160804,0.035175879396984924,0.035175879396984924
13,21000,23000,1,52.04220291476443,93.99954364281871,16.73886867307836,54.655032889121756,51.44127455140988,102.235221103145,16.382994746197376,53.97460966011112,0.09595959595959595,0.03535353535353535,0.16161616161616163,7.051267039284651,12.864516188690843,2.9075024991450094,7.6243988213267,0.14646464646464646,0.03535353535353535,0.03535353535353535
13,22000,24000,1,45.4776222991514,92.67675466614334,16.924243039126704,48.50984215276045,45.24911848225694,102.235221103145,16.006927645757017,47.98350664220539,0.06565656565656566,0.03535353535353535,0.13636363636363635,6.552558100353027,12.864516188690843,2.6626184588031796,7.0703556417837925,0.08585858585858586,0.045454545454545456,0.03535353535353535
13,23000,25000,1,35.827330641126345,83.60414092150292,14.171972375830482,38.515428050130595,35.17494512757159,75.40060052379573,12.794292502778065,37.418607881254516,0.06030150753768844,0.03015075376884422,0.1457286432160804,5.208542843730982,10.802406811490071,2.332121942291355,5.704429624855534,0.06532663316582915,0.035175879396984924,0.035175879396984924
13,24000,26000,0,28.962838918102584,60.47388487088258,12.739236757857835,31.627879325096238,28.607384044585515,51.68434361618418,9.925352596023663,30.272140375418164,0.06030150753768844,0.03015075376884422,0.1507537688442211,4.544368571396901,9.2147713955121,1.9613094034151761,4.9476041288430785,0.08040201005025126,0.03015075376884422,0.03015075376884422
13,25000,27000,0,24.02863397875489,54.84347811695311,12.043882839612685,26.86450156934182,23.62354497849908,46.20090341214244,9.209132653038411,25.346672959067597,0.06060606060606061,0.04040404040404041,0.15151515151515152,3.9509944396728045,8.229588748814313,1.713859958125561,4.304986949655341,0.09595959595959595,0.025252525252525252,0.025252525252525252
13,26000,28000,0,21.655235090515703,52.112080972785336,11.757811921000656,24.62723378230175,20.686562131547095,45.019755842521,9.130618267659544,22.60272344528837,0.05555555555555555,0.06060606060606061,0.14646464646464646,3.502692999478443,7.8203810238799045,1.649445555817034,3.8698652661860202,0.10606060606060606,0.025252525252525252,0.025252525252525252
13,27000,29000,0,19.93995414898459,49.68851677211645,10.948213725749955,22.7346835986205,19.79276127269277,44.48743986212666,8.493637640809215,21.529852989960496,0.05527638190954774,0.05025125628140704,0.1658291457286432,3.3631058952024726,7.67937538983711,1.5944299381396876,3.7202119638326487,0.08040201005025126,0.03015075376884422,0.03015075376884422
13,28000,30000,0,16.832399728398705,43.47709955280398,9.73623804346079,19.43322001623342,16.633849625057245,37.150039062843135,8.748921351038248,18.784191758807104,0.05025125628140704,0.05527638190954774,0.18090452261306533,2.8174419097847725,6.006833808495485,1.402621630210291,3.1457097156854403,0.07035175879396985,0.03015075376884422,0.03015075376884422
13,29000,31000,0,15.920763428426348,41.90064362268445,9.763779678887696,18.663478903829503,15.804717805879095,39.16823718016954,9.04581918741365,18.1990883142809,0.05527638190954774,0.05527638190954774,0.1708542713567839,2.742299929117745,5.791902628798652,1.3049320024130011,3.0355464408416135,0.05527638190954774,0.02512562814070352,0.035175879396984924
13,30000,32000,0,15.624677284430511,41.90064362268445,9.615447933898063,18.33365135430203,16.945397710641817,39.16823718016954,8.763291623899809,19.067141309783686,0.05555555555555555,0.050505050505050504,0.16161616161616163,2.8461155514401306,5.791902628798652,1.2687283593833274,3.114796394596611,0.06060606060606061,0.025252525252525252,0.025252525252525252
13,31000,33000,0,14.279657585418441,37.99979127022155,9.251880249074084,17.00222843552156,15.94726941097334,38.026487065834566,8.749450387735317,18.179207790878074,0.050505050505050504,0.050505050505050504,0.14646464646464646,2.493818100585828,5.80846950744814,1.222861813498834,2.776149348650038,0.03535353535353535,0.025252525252525252,0.025252525252525252
13,32000,34000,0,12.245303380946421,36.83121253267341,7.730055910476034,14.470744640432567,11.829768378927522,38.026487065834566,7.43191993038376,13.960683600076706,0.035175879396984924,0.06532663316582915,0.05527638190954774,1.9735773480566114,5.80846950744814,0.9678143131025881,2.1970409123831014,0.04522613065326633,0.05025125628140704,0.020100502512562814
13,33000,35000,0,10.155020354492624,23.03226223171079,4.015755659032993,10.91650587164454,6.919710978608481,16.31221728811195,2.5619653412676304,7.376533610394656,0.05025125628140704,0.04522613065326633,0.07537688442211055,1.6602181265171152,3.458694558934435,0.6307692165960251,1.7754449254195799,0.06030150753768844,0.09045226130653267,0.020100502512562814
13,34000,36000,0,10.367591023845506,17.23933730419149,3.4106856617246515,10.911519791329685,5.099229155582744,9.149592179506321,1.7070984640250448,5.376028180772454,0.045454545454545456,0.030303030303030304,0.06060606060606061,1.6460041098694742,3.7748195699505587,0.7295850115702671,1.799708024414315,0.045454545454545456,0.08585858585858586,0.015151515151515152
13,35000,37000,0,10.884917632960912,17.23933730419149,3.168024566191975,11.33434503885144,4.615781380283624,8.935328868487012,1.623693134535718,4.891683657806115,0.045454545454545456,0.04040404040404041,0.06565656565656566,1.4667868055582578,3.7748195699505587,0.7515696066944403,1.6472649847290322,0.05555555555555555,0.0707070707070707,0.015151515151515152
13,36000,38000,0,10.373382882802476,15.789631678791142,3.1490061288128337,10.838529920359296,4.442465804159562,7.334279947663983,1.4730883917872195,4.679171068052036,0.035175879396984924,0.02512562814070352,0.07035175879396985,1.2853997594794202,3.3749468621248813,0.6736438195184111,1.450441159532929,0.06532663316582915,0.07035175879396985,0.020100502512562814
13,37000,39000,0,9.835405645771605,15.789631678791142,3.0846460582507147,10.30546798136961,4.253659047321763,6.4043825576283515,1.2850929145950902,4.442614294647813,0.035175879396984924,0.01507537688442211,0.06532663316582915,1.316110141265484,2.943869860515743,0.6510968815990336,1.4676353148598256,0.06532663316582915,0.06030150753768844,0.01507537688442211
13,38000,40000,0,10.25098308915917,17.6993407986738,2.9892580674634237,10.675843749753597,3.8336792777133595,8.447996247003273,1.5234821721601957,4.123892547534953,0.04522613065326633,0.035175879396984924,0.06532663316582915,1.8057419034471553,5.40556283966802,1.2274760460650675,2.1817121208606256,0.035175879396984924,0.04020100502512563,0.010050251256281407
13,39000,41000,0,10.349207058115432,17.6993407986738,2.77272573772748,10.712397562744242,3.2882155303173946,8.447996247003273,1.5758603863812095,3.6446149667726764,0.09090909090909091,0.0707070707070707,0.08585858585858586,2.305363493909401,5.40556283966802,1.3410371760892121,2.665341339813778,0.025252525252525252,0.04040404040404041,0.020202020202020204
14,0,2000,0,9.809761735326445,13.477371499998263,1.0894579076806,9.869770991352636,1.268402639323373,7.007779780342517,1.1708659300784572,1.7242150812847847,0.31155778894472363,0.1708542713567839,0.20100502512562815,1.1086556028754284,4.709834092825571,0.9734671560034694,1.4737765631483883,0.05025125628140704,0.08040201005025126,0.06532663316582915
14,1000,3000,0,9.273121779506173,13.102235327689183,1.4131449440311468,9.379647182982328,1.408308837745444,7.493675895846817,1.6488086491663874,2.1652349961267605,0.3282828282828283,0.08585858585858586,0.20202020202020202,0.9001641355849731,4.701957457171401,1.023953268362898,1.361445322187251,0.06030150753768844,0.05527638190954774,0.005025125628140704
14,2000,4000,0,10.032672473686782,18.019216846549416,2.5282438228864534,10.344784855573176,2.8282795051466625,8.36239322639622,2.272179178149765,3.624364698428364,0.030303030303030304,0.05555555555555555,0.08585858585858586,1.726340256887945,4.701957457171401,1.3826569372839674,2.2096226346913443,0.02512562814070352,0.010050251256281407,0.010050251256281407
14,3000,5000,0,10.36206960041676,18.019216846549416,2.276620882587153,10.607989621389194,2.6704377746507033,8.36239322639622,1.8781639987625172,3.2620699585535826,0.05025125628140704,0.04522613065326633,0.09547738693467336,1.5226354530599813,4.193340775869253,1.1642324804515745,1.9149529364707976,0.025252525252525252,0.045454545454545456,0.005050505050505051
14,4000,6000,0,9.888152324358948,12.753978065640041,1.3175044750872877,9.97510158985222,1.4129191227171825,3.5622690479048216,0.7363131706869444,1.5924153815007938,0.09547738693467336,0.05527638190954774,0.18090452261306533,0.7106524942295293,1.4632796678838198,0.3786981985773888,0.8048096844643569,0.025252525252525252,0.06565656565656566,0.07575757575757576
14,5000,7000,0,10.003458637974656,12.64187055205084,0.8616038878783091,10.040310462081276,1.0665504109915291,2.7559767241388973,0.5238856272078242,1.1876896703036466,0.18686868686868688,0.13131313131313133,0.13636363636363635,0.5725429702476632,2.3057584572694765,0.43888085234021806,0.7207348842106496,0.08040201005025126,0.07035175879396985,0.09045226130653267
14,6000,8000,0,10.042650774694195,14.066718703479689,1.0080789993519979,10.092867617038072,1.0990534641612495,4.709993253174391,0.7817209747169322,1.3475664759201322,0.17676767676767677,0.10101010101010101,0.12626262626262627,0.48548282357729305,2.3057584572694765,0.4408078037553003,0.6550065146553082,0.07537688442211055,0.035175879396984924,0.08040201005025126
14,7000,9000,1,19.50507767448549,83.3737937585567,15.433177227318492,24.848221568643897,13.933029233941282,74.9885688571071,17.360782874770003,22.226540480890076,0.04522613065326633,0.020100502512562814,0.06532663316582915,2.2666735611002675,12.664559941080658,2.7300841578432857,3.543122136423454,0.09090909090909091,0.07575757575757576,0.025252525252525252
14,8000,10000,1,38.29635266455543,84.33483009441737,19.479606534102402,42.943671113807056,37.178201373417636,81.2294079143674,19.251357086239892,41.84471690997566,0.07035175879396985,0.035175879396984924,0.11055276381909548,5.589337540991352,14.51322515025494,3.3716883651344784,6.523177870587585,0.08080808080808081,0.05555555555555555,0.03535353535353535
14,9000,11000,1,54.88579460387413,93.10670385917204,18.67541014181362,57.96100015134132,54.44211803406042,96.4198207169414,17.78684958845068,57.260233794714146,0.07537688442211055,0.035175879396984924,0.1658291457286432,7.848425495197091,14.721221413371918,3.3273282302947336,8.521357892966087,0.10552763819095477,0.035175879396984924,0.035175879396984924
14,10000,12000,1,63.785037695945,95.66464149198663,18.691306569992587,66.45411311920509,63.400732609222494,104.8432542178187,18.107025172166505,65.92321060423762,0.07575757575757576,0.04040404040404041,0.15656565656565657,8.918112704321615,15.99266317694832,3.1402851285447846,9.452238779363295,0.07035175879396985,0.05025125628140704,0.035175879396984924
14,11000,13000,1,64.67281730536973,103.06877894838533,20.059144228428952,67.69734646981934,64.6990350309126,111.21325598647446,19.645800866480588,67.60165042906736,0.09595959595959595,0.03535353535353535,0.18181818181818182,8.95755884070006,15.99266317694832,3.191322942308049,9.506391523395983,0.06030150753768844,0.04020100502512563,0.04020100502512563
14,12000,14000,1,61.43453226388796,103.06877894838533,19.78795740997827,64.52749304270765,60.827676890860424,111.21325598647446,19.61236118549673,63.89622652123474,0.09547738693467336,0.035175879396984924,0.1708542713567839,8.222941723800096,15.696784487137615,3.0848665489748957,8.779826370965623,0.05555555555555555,0.05555555555555555,0.03535353535353535
14,13000,15000,1,58.38417170840842,90.82785488664945,18.84181309951428,61.33466750054002,57.33892485394719,90.75251398561446,17.747507103370864,60.00959458077418,0.07035175879396985,0.04020100502512563,0.19597989949748743,7.673464219739312,14.077213163501524,3.010308558644332,8.240052989780963,0.07575757575757576,0.045454545454545456,0.03535353535353535
14,14000,16000,1,55.486496520134224,90.8113039434158,18.134066490215993,58.36052982721356,54.49772398481544,87.02432682967253,17.12478002258722,57.11205084392681,0.07575757575757576,0.03535353535353535,0.1919191919191919,7.411564598843272,13.458326572986607,2.9836982736011803,7.986816193814533,0.07035175879396985,0.04020100502512563,0.04020100502512563
14,15000,17000,1,54.056743467995254,99.69700048758952,18.796968092612115,57.216176854032746,53.836588867550034,89.32041156079082,17.956028542667255,56.73779222118753,0.07575757575757576,0.03535353535353535,0.1919191919191919,7.3847725822144445,13.1194857615569,2.9740488925151993,7.958367173737444,0.05527638190954774,0.035175879396984924,0.04020100502512563
14,16000,18000,1,53.31775390107757,99.69700048758952,18.881934160459156,56.546606649132954,53.18281030857841,89.32041156079082,17.61913882357675,56.01154519327494,0.07537688442211055,0.04020100502512563,0.18592964824120603,7.499381631243791,13.1194857615569,2.9136436627866433,8.042846781350669,0.05555555555555555,0.03535353535353535,0.03535353535353535
14,17000,19000,1,44.622848030530925,89.64687588690269,17.982848786166162,48.09320510604795,44.166303654101796,81.87092882888344,16.53884388985257,47.14687761552375,0.07035175879396985,0.035175879396984924,0.15577889447236182,6.567202941918317,12.848564230985986,2.698769501649582,7.097528550160557,0.05555555555555555,0.03535353535353535,0.030303030303030304
14,18000,20000,0,32.98013303658683,78.88909908028643,15.999945052429627,36.638878607066154,32.78917629326278,71.0726173023532,14.088860536742553,35.673920529174616,0.06060606060606061,0.04040404040404041,0.13131313131313133,4.974952451961841,11.742203093504699,2.4144545961178783,5.527259261244428,0.05527638190954774,0.035175879396984924,0.035175879396984924
14,19000,21000,0,25.984217260864153,64.3238135907687,13.60777560732095,29.31595548253704,25.721239219892706,56.11555657455873,11.547916256703324,28.18273220284208,0.06060606060606061,0.030303030303030304,0.13131313131313133,3.954541973594144,8.687296726436525,1.957946454832912,4.410531574460233,0.04020100502512563,0.035175879396984924,0.03015075376884422
14,20000,22000,0,22.14133975356406,58.641440712936955,12.076781622676316,25.206315422384915,21.4684999804076,52.326614721198375,10.746220733113606,23.99584016352288,0.06030150753768844,0.03015075376884422,0.15577889447236182,3.559945942624198,8.396579958836746,1.783745597198561,3.9798309924108732,0.08040201005025126,0.02512562814070352,0.03015075376884422
14,21000,23000,0,20.621279215161,57.959897154357876,11.524591891691342,23.609022778535483,19.76131851576964,52.17050112542656,10.301601575267828,22.273349310828465,0.06030150753768844,0.04020100502512563,0.1457286432160804,3.5061373779016427,7.990176404116366,1.6941615920410338,3.8921407708358866,0.07575757575757576,0.025252525252525252,0.025252525252525252
14,22000,24000,0,20.112956973170597,53.71531199713869,11.560015430105599,23.183905355398295,19.99431026114949,50.56096144180102,10.290013755611529,22.475039577147108,0.06030150753768844,0.06030150753768844,0.1407035175879397,3.479317440937943,7.990176404116366,1.6348912772116715,3.8425366410941906,0.08080808080808081,0.04040404040404041,0.025252525252525252
14,23000,25000,0,18.159632375250727,53.71531199713869,11.515637470287944,21.487650053452064,17.871489498277104,50.56096144180102,10.981744243118158,20.961460346476922,0.05555555555555555,0.05555555555555555,0.14646464646464646,3.067741574154011,7.015068458757293,1.44655439722236,3.390146809770288,0.06030150753768844,0.04020100502512563,0.03015075376884422
14,24000,26000,0,16.636827505280067,49.58780103922444,11.439891394744773,20.17426055617358,17.32388152093803,45.68637868512194,10.688730057393958,20.341870756238148,0.050505050505050504,0.05555555555555555,0.13131313131313133,2.906730580768817,6.409598293881652,1.3964986108513568,3.2232809367841093,0.05025125628140704,0.03015075376884422,0.03015075376884422
14,25000,27000,0,15.561043976118684,49.58780103922444,11.186093523432609,19.148002260372053,17.96324216118714,45.68637868512194,9.758850493022775,20.43127641807766,0.05025125628140704,0.05025125628140704,0.11055276381909548,2.781528527484665,6.711187022108094,1.4604729817537736,3.1399305375272024,0.04040404040404041,0.025252525252525252,0.03535353535353535
14,26000,28000,0,12.701706033531163,38.29602044241471,8.749248308257727,15.410970509399917,13.59842584871877,37.04953254159035,7.90178775446786,15.717609361196688,0.05025125628140704,0.06532663316582915,0.10552763819095477,2.1486793261983594,6.711187022108094,1.187760586898081,2.4536724997334924,0.050505050505050504,0.06060606060606061,0.020202020202020204
14,27000,29000,0,10.634910303407036,27.6047676101044,5.038430103069018,11.762659825715765,8.24328455393613,23.288266364806123,3.7305489061576673,9.044268943891774,0.04040404040404041,0.06060606060606061,0.10606060606060606,1.6724881554818223,3.5063561414784328,0.7772873052443762,1.8434671972526608,0.035175879396984924,0.08040201005025126,0.020100502512562814
14,28000,30000,0,10.112903489443362,17.50381902374412,3.755984609624781,10.784604780546909,5.449574286107399,9.856546859191358,1.8524123819096108,5.754306922420507,0.03535353535353535,0.030303030303030304,0.05555555555555555,1.497201910872122,3.5063561414784328,0.7655327317106958,1.6806914420627512,0.020100502512562814,0.06532663316582915,0.020100502512562814
14,29000,31000,0,10.143341226452616,16.710211962195913,3.2392043841773166,10.645519734810604,4.403890390148981,6.969021162561039,1.2527872333887353,4.577759172491235,0.04522613065326633,0.02512562814070352,0.07035175879396985,1.4498675735131037,2.7877106025608804,0.6851608287726954,1.6028731453528253,0.050505050505050504,0.06565656565656566,0.015151515151515152
14,30000,32000,0,10.573176091801592,16.710211962195913,3.010080785367063,10.991228703747623,3.948818736582142,6.969021162561039,1.379320533018863,4.1816482302467275,0.04522613065326633,0.03015075376884422,0.07537688442211055,1.3735232751267892,2.7877106025608804,0.5996769262102853,1.4981226603910167,0.05555555555555555,0.07575757575757576,0.015151515151515152
14,31000,33000,0,10.53734521665208,15.663186278226538,2.475589537644807,10.822825188276969,3.5237243703018026,7.817832335491348,1.415634037883514,3.796133963445856,0.08542713567839195,0.06030150753768844,0.09045226130653267,2.0559727270755945,4.6350215224137745,1.1513935805082565,2.3550164534092115,0.04020100502512563,0.035175879396984924,0.01507537688442211
15,0,2000,0,9.760922871760153,13.720160886367813,1.1539692535518333,9.828558829400409,1.169472502802843,6.150445778090916,1.0864681374434093,1.594420547855332,0.22613065326633167,0.135678391959799,0.20100502512562815,0.7818229409025812,3.8172900971164347,0.8161184976175737,1.1287011411637533,0.07035175879396985,0.05025125628140704,0.11055276381909548
15,1000,3000,0,10.040738135760988,19.122082929029734,2.830085347321828,10.430041153738806,2.5859795965371846,9.338215578139357,2.650831608177749,3.6985218868551093,0.05025125628140704,0.02512562814070352,0.10050251256281408,1.6067878612634174,5.439875356741095,1.6173555373182165,2.276955636486336,0.035175879396984924,0.05025125628140704,0.010050251256281407
15,2000,4000,0,9.914788741273501,19.122082929029734,3.028727496519026,10.36486179748738,3.1476368457063466,9.338215578139357,2.301588234010315,3.8959516898170397,0.04522613065326633,0.02512562814070352,0.04522613065326633,1.6963185547588568,5.439875356741095,1.555342021403402,2.298801861567169,0.06532663316582915,0.07035175879396985,0.005025125628140704
15,3000,5000,0,9.783793342405119,12.170687274768515,1.3078972729363803,9.870390645120462,1.4538982395459086,3.136045133760033,0.7208982630063326,1.6220058160766075,0.09090909090909091,0.08585858585858586,0.12121212121212122,0.5291692595128622,1.1589580905193329,0.23956440033167226,0.5806227773887691,0.045454545454545456,0.08080808080808081,0.06060606060606061
15,4000,6000,0,9.981282591247504,11.93502533667425,0.8647933475865532,10.01848848739463,1.1379242718350184,2.2660729085998663,0.5402243716125487,1.259066112455618,0.13131313131313133,0.08080808080808081,0.12626262626262627,0.5408630910823436,1.5182824164647424,0.308861702793244,0.6224540626560936,0.050505050505050504,0.0707070707070707,0.04040404040404041
15,5000,7000,0,10.040036124920137,13.268641277216672,0.8734422419670439,10.0777682168724,1.2516000723706737,4.604399271199266,0.7408273331568281,1.453472997005026,0.16080402010050251,0.10050251256281408,0.09547738693467336,0.7095837984349123,1.5182824164647424,0.34728382072130043,0.7896278800013514,0.05025125628140704,0.10552763819095477,0.05527638190954774
15,6000,8000,1,16.181546752431096,56.86185822737605,9.483068606107286,18.74356963169797,10.256430155471275,47.36157106889429,11.842149960498618,15.643838807740357,0.04522613065326633,0.02512562814070352,0.08542713567839195,2.083129427002938,8.282330046750472,1.8544050908249619,2.7858665365230144,0.08040201005025126,0.12562814070351758,0.02512562814070352
15,7000,9000,1,34.090191171774634,85.46092243817527,18.46850471927169,38.74935873494491,32.43232962156702,77.65713961473352,18.634946086471555,37.38144177387055,0.05555555555555555,0.030303030303030304,0.13636363636363635,5.175580800012895,13.102570253094097,2.88054840727988,5.919670553935098,0.08585858585858586,0.06060606060606061,0.025252525252525252
15,8000,10000,1,51.139566140157584,91.04541203368984,18.163319870810874,54.25406522730881,51.03414836068936,84.42729373447172,17.052822279948526,53.79425384158241,0.0707070707070707,0.03535353535353535,0.1717171717171717,7.337496769915676,13.775904369885376,2.9230821203614488,7.895589351140458,0.07575757575757576,0.045454545454545456,0.03535353535353535
15,9000,11000,1,59.94466498367128,101.96680584752694,19.45544130849461,63.00781289277007,59.40197212391021,111.03337961799875,19.1808231992437,62.40720111427405,0.07035175879396985,0.035175879396984924,0.19597989949748743,8.025718173876202,14.694383850699623,3.0685583971252304,8.589593854768202,0.07537688442211055,0.04522613065326633,0.04020100502512563
15,10000,12000,1,62.11942422146455,101.96680584752694,19.395716559677112,65.06255234284383,60.92156185852154,111.03337961799875,19.247379541560385,63.87523785006565,0.07035175879396985,0.04020100502512563,0.17587939698492464,8.35302658251281,14.694383850699623,2.893837194728319,8.837730213647095,0.08542713567839195,0.04522613065326633,0.035175879396984924
15,11000,13000,1,59.98872980277246,95.96855010849016,18.94494808497119,62.89479460286683,58.979123680869776,99.25619162683175,18.492761684845973,61.796446185874785,0.07575757575757576,0.03535353535353535,0.19696969696969696,8.193893630332234,13.645847085660417,2.8151365546698788,8.661700904388399,0.07575757575757576,0.050505050505050504,0.03535353535353535
15,12000,14000,1,58.61121901981631,94.55035220579406,18.94784721443137,61.583210243166306,58.07751901274777,101.60156236647578,18.991389320660048,61.08894054189305,0.07575757575757576,0.03535353535353535,0.20202020202020202,7.945502430148979,12.958884540889958,2.7233939042822364,8.397059753268909,0.08080808080808081,0.050505050505050504,0.04040404040404041
15,13000,15000,1,55.298997460180374,94.55035220579406,18.236220915130772,58.21405392686684,55.21015485134897,101.60156236647578,17.69586097396728,57.963255402382806,0.07537688442211055,0.04020100502512563,0.18090452261306533,7.579351788556088,12.958884540889958,2.7113914316228938,8.04745045419287,0.06532663316582915,0.04522613065326633,0.04020100502512563
15,14000,16000,1,53.585797658905804,91.94349735757258,17.13816361551106,56.24665127447733,53.21188776478444,84.63513899714134,15.890490278805736,55.52251923666947,0.07537688442211055,0.04020100502512563,0.19597989949748743,7.297707887833372,12.638371537159307,2.6369461423994744,7.757271295324878,0.035175879396984924,0.04522613065326633,0.035175879396984924
15,15000,17000,1,53.17393844579939,94.05213636280686,16.769249601968337,55.74282337546961,52.972596575607774,86.04252166550825,15.49099441191578,55.1802592588414,0.07575757575757576,0.04040404040404041,0.18686868686868688,7.355210184637103,12.638371537159307,2.655154322804846,7.817514629595411,0.04040404040404041,0.050505050505050504,0.03535353535353535
15,16000,18000,1,49.88004825954072,94.05213636280686,16.283947966749714,52.45811356181748,49.646210177731405,86.04252166550825,14.604968153786173,51.739534157994036,0.0707070707070707,0.045454545454545456,0.20202020202020202,6.908017454439139,12.575728605378114,2.6798024729688685,7.407155952373644,0.03535353535353535,0.03535353535353535,0.04040404040404041
15,17000,19000,1,41.81839707114839,86.61965880240685,15.564957463077063,44.60756544492755,40.842044984781026,79.67222773161144,14.286091281565048,43.256728732343596,0.07537688442211055,0.06030150753768844,0.1708542713567839,5.873328658196094,11.484802654542275,2.3526254021958777,6.324805260150669,0.08542713567839195,0.035175879396984924,0.035175879396984924
15,18000,20000,1,34.364646240309014,71.89038882069353,14.235808182497248,37.18297802297976,34.10113234860628,63.192313494514615,12.082126008660603,36.1681504572997,0.06532663316582915,0.035175879396984924,0.1658291457286432,5.349890866590122,9.493401891083039,1.974963064563961,5.70107963418196,0.09045226130653267,0.035175879396984924,0.03015075376884422
15,19000,21000,0,29.74403277757857,68.71356720197969,14.916917375925912,33.25822210753106,29.28907807551385,62.501755559570775,12.606507421617719,31.87443338693242,0.07035175879396985,0.04522613065326633,0.1306532663316583,4.5868835831605255,9.493401891083039,2.06901534928454,5.029803316081524,0.06030150753768844,0.03015075376884422,0.03015075376884422
15,20000,22000,0,24.956421048678706,68.71356720197969,13.32918103454251,28.27715012653545,24.72921828207342,62.501755559570775,11.120929187852235,27.103280615082987,0.06060606060606061,0.06060606060606061,0.12121212121212122,3.9527445847375486,8.6819389352625,1.8561270278172879,4.364869378898444,0.06060606060606061,0.030303030303030304,0.030303030303030304
15,21000,23000,0,22.55705812044901,54.95474225942334,12.669077572097889,25.85575056234754,22.219186271218014,48.643845959741284,11.227664927412834,24.88210659551344,0.06060606060606061,0.05555555555555555,0.1111111111111111,3.667525111602668,7.792471707063293,1.6814664205863206,4.032847887380892,0.050505050505050504,0.030303030303030304,0.030303030303030304
15,22000,24000,0,20.75848339421584,57.149437698860716,12.796283019440086,24.368848303643272,20.685891172121845,52.196380871062274,11.163101216900413,23.4925062141045,0.06030150753768844,0.05527638190954774,0.1306532663316583,3.4520483893513414,7.80029558137186,1.6629018314795485,3.829889602985383,0.05025125628140704,0.03015075376884422,0.03015075376884422
15,23000,25000,0,19.003416897081852,57.149437698860716,11.915386480138082,22.414201002054437,19.42229983139076,52.196380871062274,10.691265271805554,22.157557809627768,0.06532663316582915,0.07035175879396985,0.1457286432160804,3.3817194826295007,7.80029558137186,1.6344501859909455,3.75421056050794,0.05527638190954774,0.02512562814070352,0.02512562814070352
15,24000,26000,0,18.872687939480127,45.109576276270474,11.369942576483682,22.01827236983104,18.375124866605546,40.88429862668414,10.857272190842755,21.329163360858455,0.05555555555555555,0.06060606060606061,0.15656565656565657,3.176633471941767,6.092522674511949,1.4649157629153136,3.496597574426647,0.045454545454545456,0.025252525252525252,0.025252525252525252
15,25000,27000,0,18.791574243547508,47.677739196009256,11.939191102450103,22.247499720103374,19.581052495062213,47.301312930732855,11.485710922793361,22.68647724587055,0.05555555555555555,0.05555555555555555,0.14646464646464646,3.1219560135858027,6.5416456109618055,1.5656941667450088,3.490800623138596,0.04040404040404041,0.030303030303030304,0.030303030303030304
15,26000,28000,0,16.315266158433676,47.677739196009256,11.797268298043116,20.116350847508706,17.474068232829662,47.301312930732855,11.743725991885938,21.03731411747283,0.05025125628140704,0.05527638190954774,0.135678391959799,2.704906529114126,6.5416456109618055,1.5474914680173584,3.1143659909543087,0.05025125628140704,0.03015075376884422,0.03015075376884422
15,27000,29000,0,15.274549292271981,44.30639623768232,10.9934298204306,18.803273060898086,16.53641949257536,43.45809169573527,10.89530408141567,19.788059086373444,0.05527638190954774,0.05527638190954774,0.1457286432160804,2.5148789682843473,5.278225145819555,1.3474206248973817,2.8515050155691113,0.05527638190954774,0.02512562814070352,0.02512562814070352
15,28000,30000,0,13.735706956487615,44.30639623768232,10.403464202178244,17.21504671108382,16.453896443161163,43.45809169573527,9.469261852393679,18.972270308364113,0.050505050505050504,0.045454545454545456,0.15656565656565657,2.306155598493381,6.2936807440383316,1.266431477196714,2.629475763295633,0.08080808080808081,0.03535353535353535,0.025252525252525252
15,29000,31000,0,11.083030876781622,35.085859685936796,6.959328471424721,13.077555124496262,12.316843923002805,38.48878420823261,6.3513697615769855,13.850697780883522,0.05555555555555555,0.04040404040404041,0.09090909090909091,2.1175797670332304,6.2936807440383316,1.0316274964444927,2.3543685660127727,0.06060606060606061,0.04040404040404041,0.020202020202020204
15,30000,32000,0,10.940080241085639,21.62291821047769,3.808643667445977,11.580958226072697,8.167411067543105,19.7477656530003,3.707741811695558,8.96578028627236,0.04522613065326633,0.035175879396984924,0.07035175879396985,1.870698904099474,3.5542821521307206,0.8283921432730205,2.0450713349710465,0.05025125628140704,0.05527638190954774,0.01507537688442211
15,31000,33000,0,10.593211867808893,16.649475024156487,2.838099668161303,10.964974845118087,5.516129925136777,11.487363278444954,2.4946785411810675,6.0514455520726305,0.04020100502512563,0.035175879396984924,0.07035175879396985,1.4999355060982997,3.3244250957554233,0.7038133267861776,1.6561047537584634,0.06030150753768844,0.08040201005025126,0.03015075376884422
15,32000,34000,0,9.972861978713993,16.649475024156487,2.703911450216669,10.33113613280389,4.392248736039804,7.609783002463321,1.4693544939856333,4.630335012587841,0.045454545454545456,0.015151515151515152,0.07575757575757576,1.486062237566505,3.621895543382134,0.7652224354591429,1.67062976451237,0.05555555555555555,0.10101010101010101,0.025252525252525252
15,33000,35000,0,10.071716824453844,15.854942152989072,2.583617333946554,10.396201960912142,4.073056132535351,6.537615374034616,1.2732014031855141,4.266460140807392,0.03535353535353535,0.015151515151515152,0.0707070707070707,1.4184667692047117,3.621895543382134,0.6758197138906675,1.5705047353979327,0.050505050505050504,0.08080808080808081,0.015151515151515152
15,34000,36000,0,10.463019339207962,15.854942152989072,2.7484024633006587,10.81622490578,3.927572306348006,6.537615374034616,1.2208395967063135,4.112033717745199,0.04020100502512563,0.020100502512562814,0.08040201005025126,1.2764519965951846,2.8560485884987625,0.50072961707629,1.370695516255202,0.05025125628140704,0.05025125628140704,0.020100502512562814
15,35000,37000,0,10.12986045635262,15.497778239770025,2.6704479269745,10.47424023665705,3.7426623606245943,6.322367279236082,1.0919430000280048,3.8979352692636735,0.035175879396984924,0.01507537688442211,0.06532663316582915,1.132208153249496,2.6002755741561447,0.4765755742379841,1.2279592659592162,0.06030150753768844,0.05527638190954774,0.020100502512562814
15,36000,38000,0,10.062298520804452,15.408346960613079,2.7969632404846867,10.44192223077547,3.5531531829500036,5.914573434809019,1.145809057116077,3.732453823545595,0.035175879396984924,0.035175879396984924,0.05025125628140704,1.1156947229304939,2.6002755741561447,0.5570215700214116,1.2463933484645704,0.035175879396984924,0.06532663316582915,0.01507537688442211
15,37000,39000,0,10.577233691577305,15.408346960613079,3.036351016598529,11.002316632457456,3.787623567384264,5.952111903734694,1.2961103698455254,4.0021934810771524,0.04040404040404041,0.04040404040404041,0.07575757575757576,1.129600760173197,2.6726763365021626,0.5609971268023014,1.2606086455760501,0.06060606060606061,0.07575757575757576,0.025252525252525252
15,38000,40000,0,10.354103142163959,18.524222768995116,2.6706605026859984,10.691306657974595,3.585843290259747,9.65223367431696,1.5474760641657483,3.9039621787009198,0.09090909090909091,0.050505050505050504,0.12626262626262627,2.0010473977974153,4.677090904572069,1.1866801526371689,2.3249352769090312,0.04040404040404041,0.015151515151515152,0.020202020202020204
